SN,hour_of_day,cash_type,money,coffee_name,Time_of_Day,Weekday,Month_name,Weekdaysort,Monthsort,Date,Time
1,10,card,38.7,Latte,Morning,Fri,Mar,5,3,3/1/2024,15:50.5
2,12,card,38.7,Hot Chocolate,Afternoon,Fri,Mar,5,3,3/1/2024,19:22.5
3,12,card,38.7,Hot Chocolate,Afternoon,Fri,Mar,5,3,3/1/2024,20:18.1
4,13,card,28.9,Americano,Afternoon,Fri,Mar,5,3,3/1/2024,46:33.0
5,13,card,38.7,Latte,Afternoon,Fri,Mar,5,3,3/1/2024,48:14.6
6,15,card,33.8,Americano with Milk,Afternoon,Fri,Mar,5,3,3/1/2024,39:47.7
7,16,card,38.7,Hot Chocolate,Afternoon,Fri,Mar,5,3,3/1/2024,19:02.8
8,18,card,33.8,Americano with Milk,Night,Fri,Mar,5,3,3/1/2024,39:03.6
9,19,card,38.7,Cocoa,Night,Fri,Mar,5,3,3/1/2024,22:01.8
10,19,card,33.8,Americano with Milk,Night,Fri,Mar,5,3,3/1/2024,23:15.9
11,19,card,33.8,Americano with Milk,Night,Fri,Mar,5,3,3/1/2024,29:17.4
12,10,card,28.9,Americano,Morning,Sat,Mar,6,3,3/2/2024,22:07.0
13,10,card,33.8,Americano with Milk,Morning,Sat,Mar,6,3,3/2/2024,41:41.2
14,11,card,33.8,Americano with Milk,Morning,Sat,Mar,6,3,3/2/2024,59:45.5
15,14,card,28.9,Americano,Afternoon,Sat,Mar,6,3,3/2/2024,38:35.5
16,16,card,33.8,Americano with Milk,Afternoon,Sat,Mar,6,3,3/2/2024,37:24.5
17,17,card,28.9,Americano,Night,Sat,Mar,6,3,3/2/2024,34:55.0
18,10,card,38.7,Latte,Morning,Sun,Mar,7,3,3/3/2024,27:18.6
19,11,card,28.9,Cortado,Morning,Sun,Mar,7,3,3/3/2024,33:56.1
20,12,card,28.9,Americano,Afternoon,Sun,Mar,7,3,3/3/2024,26:56.1
21,13,card,38.7,Hot Chocolate,Afternoon,Sun,Mar,7,3,3/3/2024,09:36.3
22,17,card,38.7,Cocoa,Night,Sun,Mar,7,3,3/3/2024,06:40.3
23,17,card,28.9,Cortado,Night,Sun,Mar,7,3,3/3/2024,08:45.9
24,18,card,33.8,Americano with Milk,Night,Sun,Mar,7,3,3/3/2024,03:23.4
25,18,card,33.8,Americano with Milk,Night,Sun,Mar,7,3,3/3/2024,04:27.9
26,18,card,38.7,Hot Chocolate,Night,Sun,Mar,7,3,3/3/2024,08:05.0
27,10,card,38.7,Latte,Morning,Mon,Mar,1,3,3/4/2024,03:52.0
28,10,card,38.7,Latte,Morning,Mon,Mar,1,3,3/4/2024,54:51.0
29,11,card,33.8,Americano with Milk,Morning,Mon,Mar,1,3,3/4/2024,05:16.2
30,14,card,24,Espresso,Afternoon,Mon,Mar,1,3,3/4/2024,04:37.7
31,9,card,38.7,Latte,Morning,Tue,Mar,2,3,3/5/2024,59:52.7
32,14,card,38.7,Latte,Afternoon,Tue,Mar,2,3,3/5/2024,34:56.0
33,17,card,38.7,Latte,Night,Tue,Mar,2,3,3/5/2024,34:06.0
34,17,card,38.7,Hot Chocolate,Night,Tue,Mar,2,3,3/5/2024,35:25.0
35,17,card,38.7,Cocoa,Night,Tue,Mar,2,3,3/5/2024,36:28.6
36,17,card,38.7,Hot Chocolate,Night,Tue,Mar,2,3,3/5/2024,37:13.7
37,17,card,38.7,Hot Chocolate,Night,Tue,Mar,2,3,3/5/2024,38:09.4
38,17,card,28.9,Cortado,Night,Tue,Mar,2,3,3/5/2024,56:15.8
39,18,card,38.7,Hot Chocolate,Night,Tue,Mar,2,3,3/5/2024,01:31.2
40,13,card,28.9,Americano,Afternoon,Wed,Mar,3,3,3/6/2024,24:07.7
41,13,card,28.9,Cortado,Afternoon,Wed,Mar,3,3,3/6/2024,25:14.4
42,14,card,38.7,Cappuccino,Afternoon,Wed,Mar,3,3,3/6/2024,52:01.8
43,14,card,38.7,Cappuccino,Afternoon,Wed,Mar,3,3,3/6/2024,53:18.3
44,10,card,38.7,Hot Chocolate,Morning,Thu,Mar,4,3,3/7/2024,18:40.5
45,11,card,38.7,Latte,Morning,Thu,Mar,4,3,3/7/2024,03:59.0
46,15,card,28.9,Americano,Afternoon,Thu,Mar,4,3,3/7/2024,40:22.6
47,15,card,33.8,Americano with Milk,Afternoon,Thu,Mar,4,3,3/7/2024,41:28.8
48,10,card,28.9,Cortado,Morning,Fri,Mar,5,3,3/8/2024,34:41.3
49,12,card,38.7,Cappuccino,Afternoon,Fri,Mar,5,3,3/8/2024,22:28.7
50,13,card,28.9,Americano,Afternoon,Fri,Mar,5,3,3/8/2024,53:02.0
51,14,card,28.9,Americano,Afternoon,Fri,Mar,5,3,3/8/2024,44:12.7
52,14,card,28.9,Americano,Afternoon,Fri,Mar,5,3,3/8/2024,45:11.0
53,14,card,33.8,Americano with Milk,Afternoon,Fri,Mar,5,3,3/8/2024,46:11.2
54,18,card,38.7,Latte,Night,Fri,Mar,5,3,3/8/2024,57:51.5
55,18,card,38.7,Latte,Night,Fri,Mar,5,3,3/8/2024,59:24.9
56,12,card,24,Espresso,Afternoon,Sat,Mar,6,3,3/9/2024,05:15.6
57,12,card,28.9,Americano,Afternoon,Sat,Mar,6,3,3/9/2024,07:38.3
58,12,card,38.7,Cappuccino,Afternoon,Sat,Mar,6,3,3/9/2024,09:47.7
59,12,card,28.9,Americano,Afternoon,Sat,Mar,6,3,3/9/2024,13:03.5
60,12,card,28.9,Americano,Afternoon,Sat,Mar,6,3,3/9/2024,14:26.5
61,13,card,38.7,Latte,Afternoon,Sat,Mar,6,3,3/9/2024,09:22.2
62,13,card,33.8,Americano with Milk,Afternoon,Sat,Mar,6,3,3/9/2024,41:06.2
63,13,card,28.9,Cortado,Afternoon,Sat,Mar,6,3,3/9/2024,53:10.4
64,13,card,38.7,Cappuccino,Afternoon,Sat,Mar,6,3,3/9/2024,54:36.8
65,14,card,33.8,Americano with Milk,Afternoon,Sat,Mar,6,3,3/9/2024,08:01.8
66,14,card,38.7,Hot Chocolate,Afternoon,Sat,Mar,6,3,3/9/2024,26:52.9
67,19,card,38.7,Cappuccino,Night,Sat,Mar,6,3,3/9/2024,17:57.6
68,19,card,38.7,Hot Chocolate,Night,Sat,Mar,6,3,3/9/2024,19:10.1
69,11,card,24,Espresso,Morning,Sun,Mar,7,3,3/10/2024,19:20.8
70,19,card,38.7,Latte,Night,Sun,Mar,7,3,3/10/2024,34:00.5
71,19,card,28.9,Cortado,Night,Sun,Mar,7,3,3/10/2024,35:54.7
72,11,card,38.7,Cappuccino,Morning,Mon,Mar,1,3,3/11/2024,32:58.8
73,16,card,28.9,Americano,Afternoon,Mon,Mar,1,3,3/11/2024,24:26.4
74,16,card,38.7,Latte,Afternoon,Mon,Mar,1,3,3/11/2024,25:45.7
75,16,card,28.9,Cortado,Afternoon,Mon,Mar,1,3,3/11/2024,50:49.6
76,10,card,28.9,Americano,Morning,Tue,Mar,2,3,3/12/2024,15:34.5
77,10,card,28.9,Cortado,Morning,Tue,Mar,2,3,3/12/2024,16:24.9
78,11,card,38.7,Hot Chocolate,Morning,Tue,Mar,2,3,3/12/2024,20:45.6
79,12,card,33.8,Americano with Milk,Afternoon,Tue,Mar,2,3,3/12/2024,46:23.3
80,12,card,28.9,Americano,Afternoon,Tue,Mar,2,3,3/12/2024,47:26.0
81,16,card,28.9,Americano,Afternoon,Tue,Mar,2,3,3/12/2024,15:43.3
82,11,card,38.7,Hot Chocolate,Morning,Wed,Mar,3,3,3/13/2024,06:43.0
83,11,card,28.9,Americano,Morning,Wed,Mar,3,3,3/13/2024,48:16.8
84,12,card,28.9,Americano,Afternoon,Wed,Mar,3,3,3/13/2024,18:06.3
85,12,card,28.9,Americano,Afternoon,Wed,Mar,3,3,3/13/2024,19:05.1
86,14,card,33.8,Americano with Milk,Afternoon,Wed,Mar,3,3,3/13/2024,26:40.9
87,15,card,24,Espresso,Afternoon,Wed,Mar,3,3,3/13/2024,40:22.3
88,15,card,24,Espresso,Afternoon,Wed,Mar,3,3,3/13/2024,41:20.4
89,16,card,24,Espresso,Afternoon,Wed,Mar,3,3,3/13/2024,47:09.4
90,10,card,38.7,Latte,Morning,Thu,Mar,4,3,3/14/2024,28:33.0
91,10,card,38.7,Hot Chocolate,Morning,Thu,Mar,4,3,3/14/2024,29:34.3
92,13,card,28.9,Cortado,Afternoon,Thu,Mar,4,3,3/14/2024,27:29.5
93,13,card,28.9,Americano,Afternoon,Thu,Mar,4,3,3/14/2024,28:24.5
94,13,card,33.8,Americano with Milk,Afternoon,Thu,Mar,4,3,3/14/2024,51:59.9
95,13,card,24,Espresso,Afternoon,Thu,Mar,4,3,3/14/2024,52:56.2
96,15,card,38.7,Latte,Afternoon,Thu,Mar,4,3,3/14/2024,20:38.4
97,16,card,33.8,Americano with Milk,Afternoon,Thu,Mar,4,3,3/14/2024,04:09.5
98,16,card,24,Espresso,Afternoon,Thu,Mar,4,3,3/14/2024,54:38.2
99,18,card,38.7,Hot Chocolate,Night,Thu,Mar,4,3,3/14/2024,58:55.9
100,19,card,28.9,Cortado,Night,Thu,Mar,4,3,3/14/2024,00:08.7
101,10,card,38.7,Hot Chocolate,Morning,Fri,Mar,5,3,3/15/2024,53:02.2
102,18,card,28.9,Americano,Night,Fri,Mar,5,3,3/15/2024,19:27.9
103,12,card,33.8,Americano with Milk,Afternoon,Sat,Mar,6,3,3/16/2024,06:55.2
104,12,card,28.9,Americano,Afternoon,Sat,Mar,6,3,3/16/2024,07:53.9
105,15,card,28.9,Cortado,Afternoon,Sat,Mar,6,3,3/16/2024,58:18.5
106,16,card,28.9,Cortado,Afternoon,Sat,Mar,6,3,3/16/2024,03:21.7
107,16,card,28.9,Cortado,Afternoon,Sat,Mar,6,3,3/16/2024,04:11.4
108,17,card,33.8,Americano with Milk,Night,Sat,Mar,6,3,3/16/2024,58:07.2
109,12,card,28.9,Cortado,Afternoon,Sun,Mar,7,3,3/17/2024,55:26.1
110,11,card,28.9,Cortado,Morning,Mon,Mar,1,3,3/18/2024,17:59.7
111,15,card,28.9,Americano,Afternoon,Mon,Mar,1,3,3/18/2024,31:39.7
112,15,card,28.9,Americano,Afternoon,Mon,Mar,1,3,3/18/2024,32:38.2
113,15,card,28.9,Americano,Afternoon,Mon,Mar,1,3,3/18/2024,33:36.7
114,14,card,38.7,Latte,Afternoon,Tue,Mar,2,3,3/19/2024,02:21.5
115,14,card,38.7,Latte,Afternoon,Tue,Mar,2,3,3/19/2024,03:19.8
116,15,card,38.7,Hot Chocolate,Afternoon,Tue,Mar,2,3,3/19/2024,04:36.3
117,16,card,33.8,Americano with Milk,Afternoon,Tue,Mar,2,3,3/19/2024,53:48.7
118,11,card,28.9,Cortado,Morning,Wed,Mar,3,3,3/20/2024,41:16.4
119,12,card,28.9,Cortado,Afternoon,Wed,Mar,3,3,3/20/2024,30:49.0
120,13,card,38.7,Cappuccino,Afternoon,Wed,Mar,3,3,3/20/2024,16:47.4
121,16,card,38.7,Cocoa,Afternoon,Wed,Mar,3,3,3/20/2024,42:38.1
122,17,card,38.7,Latte,Night,Wed,Mar,3,3,3/20/2024,50:28.8
123,12,card,28.9,Cortado,Afternoon,Thu,Mar,4,3,3/21/2024,25:09.2
124,12,card,38.7,Cappuccino,Afternoon,Thu,Mar,4,3,3/21/2024,26:17.4
125,17,card,28.9,Cortado,Night,Thu,Mar,4,3,3/21/2024,22:01.4
126,19,card,38.7,Latte,Night,Thu,Mar,4,3,3/21/2024,20:36.5
127,10,card,33.8,Americano with Milk,Morning,Fri,Mar,5,3,3/22/2024,35:53.6
128,13,card,33.8,Americano with Milk,Afternoon,Fri,Mar,5,3,3/22/2024,29:20.3
129,17,card,28.9,Americano,Night,Fri,Mar,5,3,3/22/2024,17:03.7
130,17,card,24,Espresso,Night,Fri,Mar,5,3,3/22/2024,17:59.0
131,17,card,28.9,Americano,Night,Fri,Mar,5,3,3/22/2024,20:49.5
132,10,card,38.7,Latte,Morning,Sat,Mar,6,3,3/23/2024,43:59.6
133,10,card,33.8,Americano with Milk,Morning,Sat,Mar,6,3,3/23/2024,45:07.2
134,13,card,38.7,Cappuccino,Afternoon,Sat,Mar,6,3,3/23/2024,10:07.7
135,13,card,38.7,Cocoa,Afternoon,Sat,Mar,6,3,3/23/2024,11:12.2
136,14,card,33.8,Americano with Milk,Afternoon,Sat,Mar,6,3,3/23/2024,44:41.3
137,15,card,38.7,Latte,Afternoon,Sat,Mar,6,3,3/23/2024,47:19.1
138,15,card,33.8,Americano with Milk,Afternoon,Sat,Mar,6,3,3/23/2024,49:33.8
139,16,card,28.9,Cortado,Afternoon,Sat,Mar,6,3,3/23/2024,00:58.4
140,18,card,38.7,Latte,Night,Sun,Mar,7,3,3/24/2024,45:08.4
141,10,card,38.7,Latte,Morning,Mon,Mar,1,3,3/25/2024,31:47.2
142,14,card,38.7,Latte,Afternoon,Mon,Mar,1,3,3/25/2024,27:09.2
143,14,card,38.7,Latte,Afternoon,Mon,Mar,1,3,3/25/2024,29:25.3
144,18,card,33.8,Americano with Milk,Night,Mon,Mar,1,3,3/25/2024,37:30.6
145,19,card,38.7,Cappuccino,Night,Mon,Mar,1,3,3/25/2024,34:24.5
146,10,card,38.7,Cocoa,Morning,Tue,Mar,2,3,3/26/2024,35:49.7
147,10,card,38.7,Latte,Morning,Tue,Mar,2,3,3/26/2024,36:36.2
148,10,card,38.7,Latte,Morning,Tue,Mar,2,3,3/26/2024,42:30.2
149,11,card,28.9,Cortado,Morning,Tue,Mar,2,3,3/26/2024,11:47.3
150,13,card,28.9,Americano,Afternoon,Tue,Mar,2,3,3/26/2024,35:52.8
151,13,card,28.9,Cortado,Afternoon,Tue,Mar,2,3,3/26/2024,36:49.6
152,13,card,28.9,Cortado,Afternoon,Tue,Mar,2,3,3/26/2024,37:59.7
153,13,card,28.9,Americano,Afternoon,Tue,Mar,2,3,3/26/2024,57:53.7
154,15,card,38.7,Latte,Afternoon,Tue,Mar,2,3,3/26/2024,48:02.3
155,18,card,38.7,Latte,Night,Tue,Mar,2,3,3/26/2024,33:38.6
156,18,card,38.7,Hot Chocolate,Night,Tue,Mar,2,3,3/26/2024,34:54.6
157,11,card,28.9,Cortado,Morning,Wed,Mar,3,3,3/27/2024,04:51.2
158,11,card,33.8,Americano with Milk,Morning,Wed,Mar,3,3,3/27/2024,05:58.2
159,12,card,33.8,Americano with Milk,Afternoon,Wed,Mar,3,3,3/27/2024,57:00.5
160,13,card,38.7,Hot Chocolate,Afternoon,Wed,Mar,3,3,3/27/2024,35:20.0
161,14,card,38.7,Cappuccino,Afternoon,Wed,Mar,3,3,3/27/2024,22:31.7
162,14,card,28.9,Americano,Afternoon,Wed,Mar,3,3,3/27/2024,23:35.4
163,18,card,28.9,Cortado,Night,Wed,Mar,3,3,3/27/2024,30:11.8
164,14,card,28.9,Cortado,Afternoon,Thu,Mar,4,3,3/28/2024,24:47.1
165,17,card,28.9,Cortado,Night,Thu,Mar,4,3,3/28/2024,24:46.2
166,17,card,28.9,Americano,Night,Thu,Mar,4,3,3/28/2024,27:05.3
167,17,card,38.7,Latte,Night,Thu,Mar,4,3,3/28/2024,32:44.7
168,10,card,38.7,Latte,Morning,Fri,Mar,5,3,3/29/2024,56:19.5
169,12,card,38.7,Cappuccino,Afternoon,Fri,Mar,5,3,3/29/2024,34:17.4
170,12,card,38.7,Cappuccino,Afternoon,Fri,Mar,5,3,3/29/2024,41:32.1
171,11,card,38.7,Latte,Morning,Sat,Mar,6,3,3/30/2024,59:19.9
172,16,card,38.7,Latte,Afternoon,Sat,Mar,6,3,3/30/2024,12:31.8
173,16,card,38.7,Latte,Afternoon,Sat,Mar,6,3,3/30/2024,36:40.5
174,16,card,33.8,Americano with Milk,Afternoon,Sat,Mar,6,3,3/30/2024,37:57.6
175,10,card,38.7,Cappuccino,Morning,Sun,Mar,7,3,3/31/2024,40:04.5
176,10,card,28.9,Americano,Morning,Mon,Apr,1,4,4/1/2024,28:47.6
177,10,card,33.8,Americano with Milk,Morning,Mon,Apr,1,4,4/1/2024,29:42.3
178,10,card,33.8,Americano with Milk,Morning,Mon,Apr,1,4,4/1/2024,30:43.7
179,11,card,33.8,Americano with Milk,Morning,Mon,Apr,1,4,4/1/2024,15:43.8
180,18,card,33.8,Americano with Milk,Night,Mon,Apr,1,4,4/1/2024,18:42.4
181,18,card,38.7,Hot Chocolate,Night,Mon,Apr,1,4,4/1/2024,45:27.4
182,10,card,38.7,Latte,Morning,Tue,Apr,2,4,4/2/2024,01:14.0
183,16,card,28.9,Americano,Afternoon,Tue,Apr,2,4,4/2/2024,18:34.2
184,16,card,28.9,Cortado,Afternoon,Tue,Apr,2,4,4/2/2024,19:28.5
185,10,card,28.9,Cortado,Morning,Wed,Apr,3,4,4/3/2024,19:13.6
186,10,card,28.9,Americano,Morning,Wed,Apr,3,4,4/3/2024,20:07.7
187,13,card,38.7,Cappuccino,Afternoon,Wed,Apr,3,4,4/3/2024,12:05.4
188,10,card,38.7,Latte,Morning,Thu,Apr,4,4,4/4/2024,44:56.0
189,11,card,38.7,Latte,Morning,Thu,Apr,4,4,4/4/2024,26:38.1
190,11,card,38.7,Cappuccino,Morning,Thu,Apr,4,4,4/4/2024,27:48.4
191,12,card,28.9,Cortado,Afternoon,Thu,Apr,4,4,4/4/2024,23:02.2
192,10,card,28.9,Americano,Morning,Fri,Apr,5,4,4/5/2024,40:42.7
193,10,card,28.9,Americano,Morning,Fri,Apr,5,4,4/5/2024,42:06.2
194,11,card,28.9,Cortado,Morning,Fri,Apr,5,4,4/5/2024,06:14.6
195,12,card,33.8,Americano with Milk,Afternoon,Fri,Apr,5,4,4/5/2024,14:28.0
196,14,card,38.7,Latte,Afternoon,Fri,Apr,5,4,4/5/2024,23:40.4
197,14,card,28.9,Cortado,Afternoon,Fri,Apr,5,4,4/5/2024,24:50.4
198,16,card,24,Espresso,Afternoon,Fri,Apr,5,4,4/5/2024,18:23.6
199,12,card,33.8,Americano with Milk,Afternoon,Sat,Apr,6,4,4/6/2024,32:31.4
200,14,card,38.7,Cappuccino,Afternoon,Sat,Apr,6,4,4/6/2024,13:18.7
201,14,card,28.9,Americano,Afternoon,Sat,Apr,6,4,4/6/2024,14:27.0
202,14,card,38.7,Latte,Afternoon,Sat,Apr,6,4,4/6/2024,49:50.2
203,10,card,38.7,Latte,Morning,Sun,Apr,7,4,4/7/2024,12:53.2
204,12,card,38.7,Cappuccino,Afternoon,Sun,Apr,7,4,4/7/2024,44:31.9
205,12,card,38.7,Cappuccino,Afternoon,Sun,Apr,7,4,4/7/2024,46:05.1
206,14,card,28.9,Cortado,Afternoon,Sun,Apr,7,4,4/7/2024,16:24.9
207,14,card,24,Espresso,Afternoon,Sun,Apr,7,4,4/7/2024,17:30.6
208,18,card,38.7,Hot Chocolate,Night,Sun,Apr,7,4,4/7/2024,01:16.6
209,18,card,33.8,Americano with Milk,Night,Sun,Apr,7,4,4/7/2024,02:03.9
210,10,card,33.8,Americano with Milk,Morning,Mon,Apr,1,4,4/8/2024,58:21.1
211,10,card,38.7,Cappuccino,Morning,Mon,Apr,1,4,4/8/2024,59:27.6
212,11,card,28.9,Americano,Morning,Mon,Apr,1,4,4/8/2024,01:20.5
213,11,card,38.7,Cappuccino,Morning,Mon,Apr,1,4,4/8/2024,04:47.0
214,16,card,38.7,Latte,Afternoon,Mon,Apr,1,4,4/8/2024,41:37.8
215,18,card,28.9,Americano,Night,Mon,Apr,1,4,4/8/2024,18:09.7
216,19,card,33.8,Americano with Milk,Night,Mon,Apr,1,4,4/8/2024,22:27.5
217,19,card,38.7,Cappuccino,Night,Mon,Apr,1,4,4/8/2024,23:59.3
218,11,card,38.7,Latte,Morning,Tue,Apr,2,4,4/9/2024,42:28.5
219,15,card,38.7,Hot Chocolate,Afternoon,Tue,Apr,2,4,4/9/2024,11:48.7
220,17,card,38.7,Hot Chocolate,Night,Tue,Apr,2,4,4/9/2024,25:23.9
221,17,card,24,Espresso,Night,Wed,Apr,3,4,4/10/2024,55:31.2
222,18,card,38.7,Cappuccino,Night,Wed,Apr,3,4,4/10/2024,24:59.3
223,20,card,38.7,Latte,Night,Wed,Apr,3,4,4/10/2024,04:05.4
224,10,card,28.9,Americano,Morning,Thu,Apr,4,4,4/11/2024,41:23.2
225,10,card,28.9,Americano,Morning,Thu,Apr,4,4,4/11/2024,42:59.4
226,16,card,38.7,Latte,Afternoon,Thu,Apr,4,4,4/11/2024,35:23.1
227,19,card,38.7,Cappuccino,Night,Thu,Apr,4,4,4/11/2024,16:56.6
228,19,card,33.8,Americano with Milk,Night,Thu,Apr,4,4,4/11/2024,18:36.6
229,19,card,38.7,Hot Chocolate,Night,Fri,Apr,5,4,4/12/2024,03:43.4
230,19,card,28.9,Cortado,Night,Fri,Apr,5,4,4/12/2024,38:23.2
231,12,card,38.7,Latte,Afternoon,Sat,Apr,6,4,4/13/2024,29:19.8
232,12,card,28.9,Americano,Afternoon,Sat,Apr,6,4,4/13/2024,43:02.4
233,16,card,38.7,Cappuccino,Afternoon,Sat,Apr,6,4,4/13/2024,18:03.9
234,16,card,38.7,Latte,Afternoon,Sat,Apr,6,4,4/13/2024,19:39.8
235,17,card,38.7,Cappuccino,Night,Sat,Apr,6,4,4/13/2024,51:26.0
236,17,card,38.7,Cappuccino,Night,Sat,Apr,6,4,4/13/2024,53:19.2
237,12,card,38.7,Cappuccino,Afternoon,Sun,Apr,7,4,4/14/2024,24:39.0
238,13,card,28.9,Cortado,Afternoon,Sun,Apr,7,4,4/14/2024,21:49.8
239,14,card,28.9,Americano,Afternoon,Sun,Apr,7,4,4/14/2024,23:31.6
240,14,card,28.9,Americano,Afternoon,Sun,Apr,7,4,4/14/2024,24:26.9
241,14,card,28.9,Americano,Afternoon,Sun,Apr,7,4,4/14/2024,25:18.1
242,15,card,38.7,Cappuccino,Afternoon,Sun,Apr,7,4,4/14/2024,46:27.7
243,16,card,28.9,Cortado,Afternoon,Sun,Apr,7,4,4/14/2024,59:54.8
244,17,card,38.7,Latte,Night,Sun,Apr,7,4,4/14/2024,00:45.4
245,18,card,38.7,Cappuccino,Night,Sun,Apr,7,4,4/14/2024,38:19.6
246,11,card,28.9,Americano,Morning,Mon,Apr,1,4,4/15/2024,45:24.6
247,17,card,28.9,Americano,Night,Mon,Apr,1,4,4/15/2024,01:46.4
248,17,card,33.8,Americano with Milk,Night,Mon,Apr,1,4,4/15/2024,02:49.7
249,19,card,33.8,Americano with Milk,Night,Mon,Apr,1,4,4/15/2024,33:03.0
250,10,card,33.8,Americano with Milk,Morning,Tue,Apr,2,4,4/16/2024,46:25.7
251,12,card,38.7,Cocoa,Afternoon,Tue,Apr,2,4,4/16/2024,40:47.7
252,12,card,28.9,Cortado,Afternoon,Tue,Apr,2,4,4/16/2024,52:07.8
253,15,card,28.9,Americano,Afternoon,Tue,Apr,2,4,4/16/2024,03:16.9
254,17,card,33.8,Americano with Milk,Night,Tue,Apr,2,4,4/16/2024,42:04.2
255,17,card,38.7,Cappuccino,Night,Tue,Apr,2,4,4/16/2024,43:23.0
256,18,card,38.7,Cocoa,Night,Tue,Apr,2,4,4/16/2024,09:05.3
257,13,card,28.9,Americano,Afternoon,Wed,Apr,3,4,4/17/2024,32:59.8
258,13,card,24,Espresso,Afternoon,Wed,Apr,3,4,4/17/2024,44:00.2
259,17,card,38.7,Cappuccino,Night,Wed,Apr,3,4,4/17/2024,01:35.1
260,17,card,38.7,Cappuccino,Night,Wed,Apr,3,4,4/17/2024,02:40.7
261,18,card,28.9,Cortado,Night,Wed,Apr,3,4,4/17/2024,14:03.2
262,11,card,28.9,Americano,Morning,Thu,Apr,4,4,4/18/2024,19:01.7
263,11,card,28.9,Americano,Morning,Thu,Apr,4,4,4/18/2024,20:05.7
264,13,card,33.8,Americano with Milk,Afternoon,Thu,Apr,4,4,4/18/2024,49:12.7
265,13,card,28.9,Cortado,Afternoon,Thu,Apr,4,4,4/18/2024,50:17.3
266,14,card,38.7,Cappuccino,Afternoon,Thu,Apr,4,4,4/18/2024,34:19.8
267,14,card,38.7,Latte,Afternoon,Thu,Apr,4,4,4/18/2024,35:49.4
268,17,card,38.7,Latte,Night,Thu,Apr,4,4,4/18/2024,44:15.8
269,18,card,38.7,Cappuccino,Night,Thu,Apr,4,4,4/18/2024,21:05.9
270,19,card,38.7,Hot Chocolate,Night,Thu,Apr,4,4,4/18/2024,39:51.2
271,19,card,38.7,Hot Chocolate,Night,Thu,Apr,4,4,4/18/2024,40:49.0
272,10,card,38.7,Latte,Morning,Fri,Apr,5,4,4/19/2024,10:36.3
273,13,card,33.8,Americano with Milk,Afternoon,Fri,Apr,5,4,4/19/2024,11:47.8
274,13,card,38.7,Cappuccino,Afternoon,Fri,Apr,5,4,4/19/2024,13:20.9
275,13,card,38.7,Hot Chocolate,Afternoon,Fri,Apr,5,4,4/19/2024,58:54.1
276,13,card,38.7,Cappuccino,Afternoon,Fri,Apr,5,4,4/19/2024,59:49.7
277,18,card,38.7,Cocoa,Night,Fri,Apr,5,4,4/19/2024,23:19.3
278,18,card,33.8,Americano with Milk,Night,Fri,Apr,5,4,4/19/2024,25:33.4
279,12,card,33.8,Americano with Milk,Afternoon,Sat,Apr,6,4,4/20/2024,08:35.7
280,12,card,33.8,Americano with Milk,Afternoon,Sat,Apr,6,4,4/20/2024,09:42.7
281,13,card,28.9,Americano,Afternoon,Sat,Apr,6,4,4/20/2024,08:37.4
282,13,card,33.8,Americano with Milk,Afternoon,Sat,Apr,6,4,4/20/2024,09:47.9
283,13,card,38.7,Hot Chocolate,Afternoon,Sat,Apr,6,4,4/20/2024,10:55.2
284,14,card,38.7,Cappuccino,Afternoon,Sat,Apr,6,4,4/20/2024,44:18.1
285,15,card,33.8,Americano with Milk,Afternoon,Sat,Apr,6,4,4/20/2024,11:00.3
286,15,card,32.82,Americano with Milk,Afternoon,Sat,Apr,6,4,4/20/2024,22:40.7
287,15,card,32.82,Americano with Milk,Afternoon,Sat,Apr,6,4,4/20/2024,49:25.1
288,18,card,37.72,Cappuccino,Night,Sat,Apr,6,4,4/20/2024,27:41.5
289,18,card,37.72,Cappuccino,Night,Sat,Apr,6,4,4/20/2024,28:46.9
290,19,card,37.72,Latte,Night,Sat,Apr,6,4,4/20/2024,30:55.3
291,11,card,37.72,Latte,Morning,Sun,Apr,7,4,4/21/2024,16:45.7
292,14,card,27.92,Americano,Afternoon,Sun,Apr,7,4,4/21/2024,15:37.5
293,11,card,27.92,Americano,Morning,Mon,Apr,1,4,4/22/2024,09:16.4
294,11,card,32.82,Americano with Milk,Morning,Mon,Apr,1,4,4/22/2024,29:27.1
295,19,card,37.72,Latte,Night,Mon,Apr,1,4,4/22/2024,39:04.8
296,14,card,37.72,Cappuccino,Afternoon,Tue,Apr,2,4,4/23/2024,22:36.0
297,14,card,32.82,Americano with Milk,Afternoon,Tue,Apr,2,4,4/23/2024,23:53.1
298,14,card,37.72,Cappuccino,Afternoon,Tue,Apr,2,4,4/23/2024,24:57.5
299,19,card,32.82,Americano with Milk,Night,Tue,Apr,2,4,4/23/2024,42:27.8
300,19,card,32.82,Americano with Milk,Night,Tue,Apr,2,4,4/23/2024,43:26.2
301,10,card,37.72,Latte,Morning,Wed,Apr,3,4,4/24/2024,19:38.3
302,10,card,32.82,Americano with Milk,Morning,Wed,Apr,3,4,4/24/2024,21:27.3
303,11,card,32.82,Americano with Milk,Morning,Wed,Apr,3,4,4/24/2024,23:46.1
304,11,card,32.82,Americano with Milk,Morning,Wed,Apr,3,4,4/24/2024,33:26.3
305,12,card,32.82,Americano with Milk,Afternoon,Wed,Apr,3,4,4/24/2024,39:09.3
306,16,card,32.82,Americano with Milk,Afternoon,Wed,Apr,3,4,4/24/2024,39:07.4
307,19,card,32.82,Americano with Milk,Night,Wed,Apr,3,4,4/24/2024,39:50.0
308,19,card,37.72,Cappuccino,Night,Wed,Apr,3,4,4/24/2024,40:54.0
309,10,card,27.92,Americano,Morning,Thu,Apr,4,4,4/25/2024,46:08.1
310,15,card,37.72,Latte,Afternoon,Thu,Apr,4,4,4/25/2024,18:27.0
311,17,card,27.92,Americano,Night,Thu,Apr,4,4,4/25/2024,09:43.5
312,17,card,27.92,Americano,Night,Thu,Apr,4,4,4/25/2024,10:49.2
313,10,card,37.72,Latte,Morning,Fri,Apr,5,4,4/26/2024,12:50.6
314,12,card,37.72,Latte,Afternoon,Fri,Apr,5,4,4/26/2024,01:30.6
315,13,card,37.72,Cappuccino,Afternoon,Fri,Apr,5,4,4/26/2024,31:28.3
316,15,card,27.92,Americano,Afternoon,Fri,Apr,5,4,4/26/2024,32:35.4
317,15,card,27.92,Americano,Afternoon,Fri,Apr,5,4,4/26/2024,33:33.1
318,16,card,27.92,Cortado,Afternoon,Fri,Apr,5,4,4/26/2024,23:26.5
319,16,card,27.92,Americano,Afternoon,Fri,Apr,5,4,4/26/2024,24:33.8
320,19,card,37.72,Hot Chocolate,Night,Fri,Apr,5,4,4/26/2024,32:07.1
321,19,card,37.72,Cocoa,Night,Fri,Apr,5,4,4/26/2024,33:30.2
322,15,card,37.72,Cappuccino,Afternoon,Sat,Apr,6,4,4/27/2024,27:00.7
323,10,card,37.72,Latte,Morning,Sun,Apr,7,4,4/28/2024,32:52.5
324,12,card,37.72,Cappuccino,Afternoon,Sun,Apr,7,4,4/28/2024,30:09.7
325,18,card,27.92,Americano,Night,Sun,Apr,7,4,4/28/2024,27:08.2
326,18,card,27.92,Americano,Night,Sun,Apr,7,4,4/28/2024,28:11.4
327,18,card,37.72,Latte,Night,Sun,Apr,7,4,4/28/2024,29:02.4
328,11,card,27.92,Cortado,Morning,Mon,Apr,1,4,4/29/2024,26:31.9
329,13,card,27.92,Americano,Afternoon,Mon,Apr,1,4,4/29/2024,27:56.9
330,13,card,27.92,Cortado,Afternoon,Mon,Apr,1,4,4/29/2024,28:53.9
331,13,card,27.92,Cortado,Afternoon,Mon,Apr,1,4,4/29/2024,53:35.7
332,13,card,32.82,Americano with Milk,Afternoon,Mon,Apr,1,4,4/29/2024,54:24.4
333,18,card,37.72,Cappuccino,Night,Mon,Apr,1,4,4/29/2024,37:48.4
334,19,card,37.72,Cappuccino,Night,Mon,Apr,1,4,4/29/2024,12:33.2
335,19,card,37.72,Cappuccino,Night,Mon,Apr,1,4,4/29/2024,13:37.9
336,10,card,37.72,Latte,Morning,Tue,Apr,2,4,4/30/2024,16:41.5
337,10,card,32.82,Americano with Milk,Morning,Tue,Apr,2,4,4/30/2024,34:52.2
338,10,card,32.82,Americano with Milk,Morning,Tue,Apr,2,4,4/30/2024,35:47.6
339,13,card,27.92,Americano,Afternoon,Tue,Apr,2,4,4/30/2024,41:52.3
340,13,card,32.82,Americano with Milk,Afternoon,Tue,Apr,2,4,4/30/2024,43:00.0
341,19,card,37.72,Cappuccino,Night,Tue,Apr,2,4,4/30/2024,19:18.1
342,19,card,32.82,Americano with Milk,Night,Tue,Apr,2,4,4/30/2024,30:04.0
343,19,card,37.72,Latte,Night,Tue,Apr,2,4,4/30/2024,31:21.0
344,10,card,27.92,Americano,Morning,Thu,May,4,5,5/2/2024,33:55.7
345,13,card,32.82,Americano with Milk,Afternoon,Thu,May,4,5,5/2/2024,49:39.9
346,18,card,37.72,Cappuccino,Night,Thu,May,4,5,5/2/2024,36:22.1
347,18,card,32.82,Americano with Milk,Night,Thu,May,4,5,5/2/2024,41:11.2
348,19,card,37.72,Latte,Night,Thu,May,4,5,5/2/2024,18:33.1
349,19,card,37.72,Cappuccino,Night,Thu,May,4,5,5/2/2024,19:56.4
350,14,card,37.72,Latte,Afternoon,Fri,May,5,5,5/3/2024,30:00.9
351,17,card,37.72,Latte,Night,Fri,May,5,5,5/3/2024,03:24.9
352,10,card,27.92,Americano,Morning,Mon,May,1,5,5/6/2024,05:17.9
353,10,card,37.72,Cappuccino,Morning,Mon,May,1,5,5/6/2024,06:51.6
354,10,card,32.82,Americano with Milk,Morning,Mon,May,1,5,5/6/2024,08:05.9
355,10,card,27.92,Americano,Morning,Mon,May,1,5,5/6/2024,09:08.0
356,10,card,27.92,Cortado,Morning,Mon,May,1,5,5/6/2024,39:12.6
357,13,card,27.92,Cortado,Afternoon,Mon,May,1,5,5/6/2024,18:11.0
358,13,card,27.92,Americano,Afternoon,Mon,May,1,5,5/6/2024,19:00.8
359,19,card,37.72,Cappuccino,Night,Mon,May,1,5,5/6/2024,18:13.0
360,19,card,37.72,Cappuccino,Night,Mon,May,1,5,5/6/2024,19:49.5
361,10,card,37.72,Cocoa,Morning,Tue,May,2,5,5/7/2024,44:55.6
362,11,card,27.92,Cortado,Morning,Tue,May,2,5,5/7/2024,21:58.5
363,13,card,27.92,Cortado,Afternoon,Tue,May,2,5,5/7/2024,23:34.9
364,16,card,37.72,Cocoa,Afternoon,Tue,May,2,5,5/7/2024,42:07.9
365,16,card,27.92,Americano,Afternoon,Tue,May,2,5,5/7/2024,55:38.8
366,17,card,37.72,Cappuccino,Night,Tue,May,2,5,5/7/2024,37:46.4
367,17,card,37.72,Latte,Night,Tue,May,2,5,5/7/2024,38:48.2
368,19,card,37.72,Cappuccino,Night,Tue,May,2,5,5/7/2024,12:12.5
369,19,card,37.72,Cappuccino,Night,Tue,May,2,5,5/7/2024,13:12.2
370,10,card,37.72,Latte,Morning,Wed,May,3,5,5/8/2024,07:28.9
371,12,card,37.72,Cappuccino,Afternoon,Thu,May,4,5,5/9/2024,54:21.8
372,13,card,27.92,Americano,Afternoon,Thu,May,4,5,5/9/2024,03:58.6
373,13,card,37.72,Latte,Afternoon,Thu,May,4,5,5/9/2024,04:57.6
374,13,card,37.72,Latte,Afternoon,Thu,May,4,5,5/9/2024,06:11.3
375,13,card,37.72,Latte,Afternoon,Thu,May,4,5,5/9/2024,07:16.4
376,16,card,27.92,Americano,Afternoon,Thu,May,4,5,5/9/2024,55:14.6
377,16,card,27.92,Americano,Afternoon,Thu,May,4,5,5/9/2024,56:15.0
378,18,card,27.92,Americano,Night,Thu,May,4,5,5/9/2024,01:29.9
379,18,card,32.82,Americano with Milk,Night,Thu,May,4,5,5/9/2024,13:56.2
380,15,card,37.72,Latte,Afternoon,Fri,May,5,5,5/10/2024,46:21.5
381,15,card,37.72,Latte,Afternoon,Fri,May,5,5,5/10/2024,47:32.5
382,11,card,37.72,Latte,Morning,Sat,May,6,5,5/11/2024,39:52.9
383,17,card,32.82,Americano with Milk,Night,Sat,May,6,5,5/11/2024,20:30.4
384,17,card,37.72,Cocoa,Night,Sat,May,6,5,5/11/2024,21:56.1
385,17,card,37.72,Cappuccino,Night,Sat,May,6,5,5/11/2024,23:57.3
386,17,card,32.82,Americano with Milk,Night,Sat,May,6,5,5/11/2024,28:54.1
387,18,card,37.72,Cappuccino,Night,Sat,May,6,5,5/11/2024,35:40.3
388,19,card,37.72,Latte,Night,Sat,May,6,5,5/11/2024,38:16.1
389,10,card,37.72,Latte,Morning,Sun,May,7,5,5/12/2024,20:42.5
390,13,card,37.72,Latte,Afternoon,Sun,May,7,5,5/12/2024,24:03.5
391,13,card,27.92,Americano,Afternoon,Sun,May,7,5,5/12/2024,27:39.0
392,15,card,37.72,Latte,Afternoon,Sun,May,7,5,5/12/2024,16:19.8
393,15,card,32.82,Americano with Milk,Afternoon,Sun,May,7,5,5/12/2024,38:02.4
394,15,card,32.82,Americano with Milk,Afternoon,Sun,May,7,5,5/12/2024,52:14.9
395,16,card,32.82,Americano with Milk,Afternoon,Sun,May,7,5,5/12/2024,04:21.1
396,19,card,32.82,Americano with Milk,Night,Sun,May,7,5,5/12/2024,41:30.6
397,11,card,32.82,Americano with Milk,Morning,Mon,May,1,5,5/13/2024,03:53.3
398,8,card,27.92,Americano,Morning,Tue,May,2,5,5/14/2024,38:14.6
399,8,card,27.92,Americano,Morning,Tue,May,2,5,5/14/2024,39:25.5
400,8,card,27.92,Americano,Morning,Tue,May,2,5,5/14/2024,40:17.5
401,10,card,37.72,Cappuccino,Morning,Tue,May,2,5,5/14/2024,19:23.2
402,11,card,37.72,Latte,Morning,Tue,May,2,5,5/14/2024,32:29.4
403,11,card,37.72,Cappuccino,Morning,Tue,May,2,5,5/14/2024,34:12.9
404,14,card,37.72,Cappuccino,Afternoon,Tue,May,2,5,5/14/2024,04:54.6
405,14,card,32.82,Americano with Milk,Afternoon,Tue,May,2,5,5/14/2024,06:00.4
406,15,card,27.92,Americano,Afternoon,Tue,May,2,5,5/14/2024,01:54.8
407,16,card,32.82,Americano with Milk,Afternoon,Tue,May,2,5,5/14/2024,57:57.2
408,16,card,37.72,Cappuccino,Afternoon,Tue,May,2,5,5/14/2024,59:10.2
409,22,card,37.72,Hot Chocolate,Night,Tue,May,2,5,5/14/2024,51:25.2
410,8,card,37.72,Latte,Morning,Wed,May,3,5,5/15/2024,40:05.7
411,11,card,23.02,Espresso,Morning,Wed,May,3,5,5/15/2024,14:19.4
412,11,card,27.92,Americano,Morning,Wed,May,3,5,5/15/2024,19:10.0
413,13,card,27.92,Americano,Afternoon,Wed,May,3,5,5/15/2024,34:35.1
414,13,card,27.92,Americano,Afternoon,Wed,May,3,5,5/15/2024,35:29.2
415,13,card,27.92,Americano,Afternoon,Wed,May,3,5,5/15/2024,36:27.3
416,13,card,32.82,Americano with Milk,Afternoon,Wed,May,3,5,5/15/2024,55:29.0
417,14,card,27.92,Cortado,Afternoon,Wed,May,3,5,5/15/2024,38:52.3
418,14,card,27.92,Cortado,Afternoon,Wed,May,3,5,5/15/2024,39:44.4
419,17,card,23.02,Espresso,Night,Wed,May,3,5,5/15/2024,28:58.6
420,20,card,37.72,Cappuccino,Night,Wed,May,3,5,5/15/2024,20:34.8
421,10,card,32.82,Americano with Milk,Morning,Thu,May,4,5,5/16/2024,38:42.5
422,10,card,32.82,Americano with Milk,Morning,Thu,May,4,5,5/16/2024,39:49.4
423,12,card,32.82,Americano with Milk,Afternoon,Thu,May,4,5,5/16/2024,14:00.1
424,15,card,37.72,Hot Chocolate,Afternoon,Thu,May,4,5,5/16/2024,15:16.3
425,17,card,37.72,Latte,Night,Thu,May,4,5,5/16/2024,44:31.5
426,18,card,37.72,Hot Chocolate,Night,Thu,May,4,5,5/16/2024,12:56.9
427,18,card,37.72,Latte,Night,Thu,May,4,5,5/16/2024,13:58.2
428,9,card,27.92,Americano,Morning,Fri,May,5,5,5/17/2024,00:48.5
429,11,card,32.82,Americano with Milk,Morning,Fri,May,5,5,5/17/2024,30:27.6
430,19,card,32.82,Americano with Milk,Night,Fri,May,5,5,5/17/2024,55:18.5
431,19,card,37.72,Cappuccino,Night,Fri,May,5,5,5/17/2024,56:46.8
432,20,card,37.72,Cappuccino,Night,Fri,May,5,5,5/17/2024,37:52.9
433,22,card,27.92,Americano,Night,Fri,May,5,5,5/17/2024,34:50.8
434,22,card,37.72,Latte,Night,Fri,May,5,5,5/17/2024,36:33.4
435,22,card,37.72,Latte,Night,Fri,May,5,5,5/17/2024,37:42.8
436,8,card,37.72,Cappuccino,Morning,Sat,May,6,5,5/18/2024,01:37.9
437,8,card,37.72,Cappuccino,Morning,Sat,May,6,5,5/18/2024,02:40.0
438,11,card,32.82,Americano with Milk,Morning,Sat,May,6,5,5/18/2024,15:56.1
439,16,card,32.82,Americano with Milk,Afternoon,Sat,May,6,5,5/18/2024,48:29.4
440,16,card,32.82,Americano with Milk,Afternoon,Sat,May,6,5,5/18/2024,49:27.1
441,19,card,32.82,Americano with Milk,Night,Sat,May,6,5,5/18/2024,58:44.2
442,20,card,37.72,Latte,Night,Sat,May,6,5,5/18/2024,22:53.1
443,7,card,27.92,Americano,Morning,Sun,May,7,5,5/19/2024,58:38.3
444,7,card,27.92,Americano,Morning,Sun,May,7,5,5/19/2024,59:33.5
445,8,card,37.72,Cappuccino,Morning,Sun,May,7,5,5/19/2024,00:35.1
446,12,card,32.82,Americano with Milk,Afternoon,Sun,May,7,5,5/19/2024,14:26.7
447,14,card,27.92,Americano,Afternoon,Sun,May,7,5,5/19/2024,43:40.0
448,15,card,32.82,Americano with Milk,Afternoon,Sun,May,7,5,5/19/2024,58:58.2
449,18,card,32.82,Americano with Milk,Night,Sun,May,7,5,5/19/2024,12:36.3
450,18,card,23.02,Espresso,Night,Sun,May,7,5,5/19/2024,13:47.8
451,18,card,37.72,Hot Chocolate,Night,Sun,May,7,5,5/19/2024,16:30.0
452,19,card,37.72,Cappuccino,Night,Sun,May,7,5,5/19/2024,51:07.0
453,21,card,37.72,Cappuccino,Night,Sun,May,7,5,5/19/2024,15:41.8
454,21,card,37.72,Cappuccino,Night,Sun,May,7,5,5/19/2024,18:36.1
455,10,card,32.82,Americano with Milk,Morning,Mon,May,1,5,5/20/2024,05:59.2
456,10,card,37.72,Latte,Morning,Mon,May,1,5,5/20/2024,17:51.9
457,10,card,37.72,Latte,Morning,Mon,May,1,5,5/20/2024,58:48.4
458,11,card,27.92,Americano,Morning,Mon,May,1,5,5/20/2024,15:16.4
459,11,card,27.92,Americano,Morning,Mon,May,1,5,5/20/2024,16:19.6
460,13,card,27.92,Americano,Afternoon,Mon,May,1,5,5/20/2024,27:13.4
461,13,card,27.92,Americano,Afternoon,Mon,May,1,5,5/20/2024,28:10.4
462,14,card,32.82,Americano with Milk,Afternoon,Mon,May,1,5,5/20/2024,13:19.0
463,14,card,37.72,Cappuccino,Afternoon,Mon,May,1,5,5/20/2024,14:31.4
464,17,card,37.72,Latte,Night,Mon,May,1,5,5/20/2024,12:51.1
465,17,card,37.72,Latte,Night,Mon,May,1,5,5/20/2024,13:56.9
466,20,card,32.82,Americano with Milk,Night,Mon,May,1,5,5/20/2024,36:48.3
467,20,card,37.72,Cocoa,Night,Mon,May,1,5,5/20/2024,37:57.3
468,20,card,27.92,Cortado,Night,Mon,May,1,5,5/20/2024,46:52.1
469,21,card,32.82,Americano with Milk,Night,Mon,May,1,5,5/20/2024,36:54.0
470,21,card,32.82,Americano with Milk,Night,Mon,May,1,5,5/20/2024,37:57.8
471,8,card,37.72,Latte,Morning,Tue,May,2,5,5/21/2024,27:38.2
472,16,card,37.72,Latte,Afternoon,Tue,May,2,5,5/21/2024,10:20.0
473,18,card,23.02,Espresso,Night,Tue,May,2,5,5/21/2024,13:24.0
474,19,card,37.72,Cappuccino,Night,Tue,May,2,5,5/21/2024,11:09.2
475,20,card,37.72,Cappuccino,Night,Tue,May,2,5,5/21/2024,13:48.4
476,9,card,37.72,Cappuccino,Morning,Wed,May,3,5,5/22/2024,34:41.8
477,10,card,32.82,Americano with Milk,Morning,Wed,May,3,5,5/22/2024,49:47.0
478,11,card,27.92,Cortado,Morning,Wed,May,3,5,5/22/2024,18:14.3
479,11,card,32.82,Americano with Milk,Morning,Wed,May,3,5,5/22/2024,34:55.0
480,12,card,27.92,Americano,Afternoon,Wed,May,3,5,5/22/2024,29:50.8
481,12,card,27.92,Americano,Afternoon,Wed,May,3,5,5/22/2024,30:43.3
482,14,card,32.82,Americano with Milk,Afternoon,Wed,May,3,5,5/22/2024,00:20.5
483,19,card,37.72,Cappuccino,Night,Wed,May,3,5,5/22/2024,24:58.1
484,19,card,37.72,Cappuccino,Night,Wed,May,3,5,5/22/2024,25:58.6
485,21,card,37.72,Hot Chocolate,Night,Wed,May,3,5,5/22/2024,21:23:53
486,21,card,37.72,Cappuccino,Night,Wed,May,3,5,5/22/2024,24:49.6
487,10,card,37.72,Cappuccino,Morning,Thu,May,4,5,5/23/2024,10:19.6
488,12,card,23.02,Espresso,Afternoon,Thu,May,4,5,5/23/2024,22:06.6
489,15,card,37.72,Cappuccino,Afternoon,Thu,May,4,5,5/23/2024,55:16.6
490,15,card,37.72,Cappuccino,Afternoon,Thu,May,4,5,5/23/2024,56:27.2
491,16,card,37.72,Cappuccino,Afternoon,Thu,May,4,5,5/23/2024,18:14.1
492,16,card,37.72,Latte,Afternoon,Thu,May,4,5,5/23/2024,41:00.0
493,17,card,37.72,Cappuccino,Night,Thu,May,4,5,5/23/2024,14:33.2
494,17,card,37.72,Latte,Night,Thu,May,4,5,5/23/2024,15:44.9
495,19,card,27.92,Cortado,Night,Thu,May,4,5,5/23/2024,03:53.9
496,19,card,37.72,Cappuccino,Night,Thu,May,4,5,5/23/2024,17:28.4
497,19,card,37.72,Cappuccino,Night,Thu,May,4,5,5/23/2024,18:26.4
498,19,card,37.72,Cappuccino,Night,Thu,May,4,5,5/23/2024,42:31.5
499,20,card,37.72,Cappuccino,Night,Thu,May,4,5,5/23/2024,15:01.4
500,20,card,37.72,Latte,Night,Thu,May,4,5,5/23/2024,16:24.2
501,22,card,32.82,Americano with Milk,Night,Thu,May,4,5,5/23/2024,48:10.8
502,11,card,27.92,Cortado,Morning,Fri,May,5,5,5/24/2024,11:59.2
503,11,card,27.92,Americano,Morning,Fri,May,5,5,5/24/2024,15:08.3
504,11,card,27.92,Americano,Morning,Fri,May,5,5,5/24/2024,16:13.0
505,16,card,37.72,Hot Chocolate,Afternoon,Fri,May,5,5,5/24/2024,07:19.8
506,18,card,27.92,Cortado,Night,Fri,May,5,5,5/24/2024,17:40.3
507,18,card,27.92,Cortado,Night,Fri,May,5,5,5/24/2024,18:36.7
508,22,card,32.82,Americano with Milk,Night,Fri,May,5,5,5/24/2024,30:40.2
509,12,card,37.72,Latte,Afternoon,Sat,May,6,5,5/25/2024,13:53.4
510,12,card,32.82,Americano with Milk,Afternoon,Sat,May,6,5,5/25/2024,42:10.3
511,12,card,32.82,Americano with Milk,Afternoon,Sat,May,6,5,5/25/2024,43:13.3
512,12,card,32.82,Americano with Milk,Afternoon,Sat,May,6,5,5/25/2024,58:12.0
513,16,card,32.82,Americano with Milk,Afternoon,Sat,May,6,5,5/25/2024,47:09.6
514,16,card,27.92,Americano,Afternoon,Sat,May,6,5,5/25/2024,48:16.8
515,10,card,37.72,Latte,Morning,Sun,May,7,5,5/26/2024,20:02.2
516,14,card,32.82,Americano with Milk,Afternoon,Sun,May,7,5,5/26/2024,24:49.8
517,14,card,27.92,Cortado,Afternoon,Sun,May,7,5,5/26/2024,26:05.2
518,14,card,32.82,Americano with Milk,Afternoon,Sun,May,7,5,5/26/2024,40:58.9
519,17,card,37.72,Cappuccino,Night,Sun,May,7,5,5/26/2024,19:15.5
520,18,card,37.72,Hot Chocolate,Night,Sun,May,7,5,5/26/2024,09:52.8
521,18,card,37.72,Hot Chocolate,Night,Sun,May,7,5,5/26/2024,11:02.2
522,18,card,27.92,Americano,Night,Sun,May,7,5,5/26/2024,13:14.3
523,18,card,37.72,Latte,Night,Sun,May,7,5,5/26/2024,39:18.8
524,20,card,37.72,Hot Chocolate,Night,Sun,May,7,5,5/26/2024,59:15.0
525,21,card,37.72,Cappuccino,Night,Sun,May,7,5,5/26/2024,00:05.6
526,21,card,27.92,Cortado,Night,Sun,May,7,5,5/26/2024,02:36.9
527,21,card,37.72,Cappuccino,Night,Sun,May,7,5,5/26/2024,03:51.8
528,21,card,37.72,Latte,Night,Sun,May,7,5,5/26/2024,04:58.8
529,21,card,37.72,Cappuccino,Night,Sun,May,7,5,5/26/2024,06:02.6
530,11,card,27.92,Americano,Morning,Mon,May,1,5,5/27/2024,34:55.3
531,14,card,32.82,Americano with Milk,Afternoon,Mon,May,1,5,5/27/2024,05:21.7
532,14,card,37.72,Cocoa,Afternoon,Mon,May,1,5,5/27/2024,06:43.6
533,15,card,27.92,Americano,Afternoon,Mon,May,1,5,5/27/2024,11:34.1
534,15,card,27.92,Americano,Afternoon,Mon,May,1,5,5/27/2024,14:05.8
535,17,card,37.72,Latte,Night,Mon,May,1,5,5/27/2024,50:55.8
536,18,card,27.92,Americano,Night,Mon,May,1,5,5/27/2024,00:51.0
537,19,card,37.72,Latte,Night,Mon,May,1,5,5/27/2024,16:27.4
538,19,card,37.72,Latte,Night,Mon,May,1,5,5/27/2024,17:38.7
539,21,card,32.82,Americano with Milk,Night,Mon,May,1,5,5/27/2024,29:07.1
540,21,card,37.72,Cappuccino,Night,Mon,May,1,5,5/27/2024,30:19.8
541,8,card,32.82,Americano with Milk,Morning,Tue,May,2,5,5/28/2024,37:09.0
542,9,card,32.82,Americano with Milk,Morning,Tue,May,2,5,5/28/2024,20:10.7
543,11,card,37.72,Cappuccino,Morning,Tue,May,2,5,5/28/2024,48:18.5
544,13,card,37.72,Cappuccino,Afternoon,Tue,May,2,5,5/28/2024,14:40.4
545,14,card,37.72,Cocoa,Afternoon,Tue,May,2,5,5/28/2024,10:53.7
546,16,card,27.92,Cortado,Afternoon,Tue,May,2,5,5/28/2024,25:39.3
547,19,card,27.92,Americano,Night,Tue,May,2,5,5/28/2024,09:29.1
548,19,card,37.72,Latte,Night,Tue,May,2,5,5/28/2024,10:31.1
549,20,card,32.82,Americano with Milk,Night,Tue,May,2,5,5/28/2024,24:32.2
550,20,card,27.92,Americano,Night,Tue,May,2,5,5/28/2024,50:19.4
551,9,card,37.72,Latte,Morning,Wed,May,3,5,5/29/2024,14:43.7
552,11,card,37.72,Hot Chocolate,Morning,Wed,May,3,5,5/29/2024,14:02.9
553,15,card,27.92,Americano,Afternoon,Wed,May,3,5,5/29/2024,10:48.5
554,15,card,37.72,Latte,Afternoon,Wed,May,3,5,5/29/2024,22:56.3
555,15,card,37.72,Cappuccino,Afternoon,Wed,May,3,5,5/29/2024,45:12.7
556,16,card,37.72,Latte,Afternoon,Wed,May,3,5,5/29/2024,45:04.0
557,18,card,27.92,Cortado,Night,Wed,May,3,5,5/29/2024,24:03.3
558,18,card,37.72,Latte,Night,Wed,May,3,5,5/29/2024,24:59.3
559,20,card,37.72,Hot Chocolate,Night,Wed,May,3,5,5/29/2024,30:42.2
560,20,card,37.72,Cocoa,Night,Wed,May,3,5,5/29/2024,32:35.2
561,8,card,37.72,Cappuccino,Morning,Thu,May,4,5,5/30/2024,29:06.3
562,8,card,37.72,Latte,Morning,Thu,May,4,5,5/30/2024,30:21.6
563,8,card,32.82,Americano with Milk,Morning,Thu,May,4,5,5/30/2024,37:05.4
564,9,card,37.72,Latte,Morning,Thu,May,4,5,5/30/2024,47:59.1
565,14,card,32.82,Americano with Milk,Afternoon,Thu,May,4,5,5/30/2024,56:15.5
566,15,card,23.02,Espresso,Afternoon,Thu,May,4,5,5/30/2024,16:15.7
567,15,card,23.02,Espresso,Afternoon,Thu,May,4,5,5/30/2024,17:38.7
568,19,card,37.72,Cappuccino,Night,Thu,May,4,5,5/30/2024,53:11.2
569,20,card,37.72,Latte,Night,Thu,May,4,5,5/30/2024,31:05.4
570,20,card,37.72,Hot Chocolate,Night,Thu,May,4,5,5/30/2024,46:13.8
571,20,card,32.82,Americano with Milk,Night,Thu,May,4,5,5/30/2024,47:21.6
572,7,card,32.82,Americano with Milk,Morning,Fri,May,5,5,5/31/2024,53:57.3
573,9,card,37.72,Latte,Morning,Fri,May,5,5,5/31/2024,21:07.8
574,10,card,37.72,Hot Chocolate,Morning,Fri,May,5,5,5/31/2024,38:07.9
575,10,card,37.72,Cocoa,Morning,Fri,May,5,5,5/31/2024,39:06.1
576,14,card,32.82,Americano with Milk,Afternoon,Fri,May,5,5,5/31/2024,50:13.0
577,18,card,37.72,Latte,Night,Fri,May,5,5,5/31/2024,23:44.6
578,18,card,37.72,Latte,Night,Fri,May,5,5,5/31/2024,25:03.3
579,20,card,37.72,Cappuccino,Night,Fri,May,5,5,5/31/2024,06:39.2
580,20,card,32.82,Americano with Milk,Night,Fri,May,5,5,5/31/2024,33:06.4
581,20,card,37.72,Latte,Night,Fri,May,5,5,5/31/2024,34:32.9
582,22,card,37.72,Cappuccino,Night,Fri,May,5,5,5/31/2024,05:47.1
583,22,card,32.82,Americano with Milk,Night,Fri,May,5,5,5/31/2024,06:52.5
584,22,card,27.92,Cortado,Night,Fri,May,5,5,5/31/2024,07:55.4
585,8,card,27.92,Cortado,Morning,Sat,Jun,6,6,6/1/2024,27:01.7
586,9,card,37.72,Latte,Morning,Sat,Jun,6,6,6/1/2024,48:24.7
587,11,card,37.72,Latte,Morning,Sat,Jun,6,6,6/1/2024,38:09.4
588,14,card,32.82,Americano with Milk,Afternoon,Sat,Jun,6,6,6/1/2024,28:53.7
589,18,card,32.82,Americano with Milk,Night,Sat,Jun,6,6,6/1/2024,20:12.8
590,18,card,32.82,Americano with Milk,Night,Sat,Jun,6,6,6/1/2024,21:15.4
591,20,card,37.72,Cappuccino,Night,Sat,Jun,6,6,6/1/2024,50:10.5
592,20,card,37.72,Cappuccino,Night,Sat,Jun,6,6,6/1/2024,51:13.6
593,20,card,37.72,Cocoa,Night,Sat,Jun,6,6,6/1/2024,59:09.7
594,21,card,32.82,Americano with Milk,Night,Sat,Jun,6,6,6/1/2024,51:05.0
595,20,card,37.72,Latte,Night,Sun,Jun,7,6,6/2/2024,03:25.8
596,20,card,32.82,Americano with Milk,Night,Sun,Jun,7,6,6/2/2024,24:02.4
597,20,card,37.72,Cappuccino,Night,Sun,Jun,7,6,6/2/2024,25:07.2
598,21,card,32.82,Americano with Milk,Night,Sun,Jun,7,6,6/2/2024,07:20.5
599,21,card,37.72,Latte,Night,Sun,Jun,7,6,6/2/2024,30:12.4
600,10,card,37.72,Latte,Morning,Mon,Jun,1,6,6/3/2024,12:04.1
601,10,card,37.72,Latte,Morning,Mon,Jun,1,6,6/3/2024,27:49.8
602,14,card,37.72,Cappuccino,Afternoon,Mon,Jun,1,6,6/3/2024,31:42.3
603,14,card,32.82,Americano with Milk,Afternoon,Mon,Jun,1,6,6/3/2024,33:01.0
604,14,card,37.72,Latte,Afternoon,Mon,Jun,1,6,6/3/2024,34:06.9
605,9,card,27.92,Cortado,Morning,Tue,Jun,2,6,6/4/2024,23:42.9
606,10,card,32.82,Americano with Milk,Morning,Tue,Jun,2,6,6/4/2024,27:14.0
607,12,card,37.72,Latte,Afternoon,Tue,Jun,2,6,6/4/2024,02:10.2
608,12,card,37.72,Hot Chocolate,Afternoon,Tue,Jun,2,6,6/4/2024,05:29.2
609,15,card,37.72,Latte,Afternoon,Tue,Jun,2,6,6/4/2024,30:32.5
610,17,card,27.92,Cortado,Night,Tue,Jun,2,6,6/4/2024,46:36.7
611,17,card,37.72,Cappuccino,Night,Tue,Jun,2,6,6/4/2024,47:28.8
612,20,card,37.72,Hot Chocolate,Night,Tue,Jun,2,6,6/4/2024,13:01.2
613,20,card,37.72,Cappuccino,Night,Tue,Jun,2,6,6/4/2024,50:33.9
614,21,card,27.92,Cortado,Night,Tue,Jun,2,6,6/4/2024,31:58.9
615,21,card,32.82,Americano with Milk,Night,Tue,Jun,2,6,6/4/2024,33:02.6
616,21,card,32.82,Americano with Milk,Night,Tue,Jun,2,6,6/4/2024,34:55.7
617,21,card,32.82,Americano with Milk,Night,Tue,Jun,2,6,6/4/2024,36:06.9
618,21,card,32.82,Americano with Milk,Night,Tue,Jun,2,6,6/4/2024,37:15.2
619,8,card,37.72,Cappuccino,Morning,Wed,Jun,3,6,6/5/2024,21:49.0
620,8,card,37.72,Cappuccino,Morning,Wed,Jun,3,6,6/5/2024,23:06.7
621,9,card,27.92,Americano,Morning,Wed,Jun,3,6,6/5/2024,22:43.1
622,10,card,37.72,Latte,Morning,Wed,Jun,3,6,6/5/2024,28:50.6
623,10,card,32.82,Americano with Milk,Morning,Wed,Jun,3,6,6/5/2024,40:53.2
624,19,card,32.82,Americano with Milk,Night,Wed,Jun,3,6,6/5/2024,43:57.7
625,19,card,37.72,Latte,Night,Wed,Jun,3,6,6/5/2024,59:53.5
626,20,card,37.72,Cocoa,Night,Wed,Jun,3,6,6/5/2024,10:47.6
627,20,card,27.92,Cortado,Night,Wed,Jun,3,6,6/5/2024,12:01.7
628,8,card,32.82,Americano with Milk,Morning,Thu,Jun,4,6,6/6/2024,52:56.4
629,8,card,32.82,Americano with Milk,Morning,Thu,Jun,4,6,6/6/2024,54:08.5
630,10,card,37.72,Latte,Morning,Thu,Jun,4,6,6/6/2024,36:09.7
631,12,card,27.92,Americano,Afternoon,Thu,Jun,4,6,6/6/2024,17:41.5
632,15,card,32.82,Americano with Milk,Afternoon,Thu,Jun,4,6,6/6/2024,11:14.2
633,15,card,37.72,Cappuccino,Afternoon,Thu,Jun,4,6,6/6/2024,24:06.2
634,21,card,37.72,Latte,Night,Thu,Jun,4,6,6/6/2024,14:05.1
635,21,card,37.72,Latte,Night,Thu,Jun,4,6,6/6/2024,15:42.2
636,21,card,37.72,Cappuccino,Night,Thu,Jun,4,6,6/6/2024,18:26.7
637,21,card,32.82,Americano with Milk,Night,Thu,Jun,4,6,6/6/2024,19:30.4
638,21,card,37.72,Latte,Night,Thu,Jun,4,6,6/6/2024,21:04.4
639,8,card,37.72,Cappuccino,Morning,Fri,Jun,5,6,6/7/2024,18:04.3
640,10,card,23.02,Espresso,Morning,Fri,Jun,5,6,6/7/2024,35:28.1
641,13,card,32.82,Americano with Milk,Afternoon,Fri,Jun,5,6,6/7/2024,34:18.3
642,16,card,27.92,Cortado,Afternoon,Fri,Jun,5,6,6/7/2024,45:42.2
643,16,card,27.92,Cortado,Afternoon,Fri,Jun,5,6,6/7/2024,47:15.5
644,9,card,27.92,Cortado,Morning,Sat,Jun,6,6,6/8/2024,04:20.0
645,9,card,32.82,Americano with Milk,Morning,Sat,Jun,6,6,6/8/2024,26:11.2
646,20,card,37.72,Cappuccino,Night,Sat,Jun,6,6,6/8/2024,24:54.3
647,20,card,37.72,Cappuccino,Night,Sat,Jun,6,6,6/8/2024,25:56.3
648,8,card,37.72,Latte,Morning,Sun,Jun,7,6,6/9/2024,15:52.8
649,10,card,37.72,Latte,Morning,Sun,Jun,7,6,6/9/2024,30:04.5
650,10,card,37.72,Cappuccino,Morning,Sun,Jun,7,6,6/9/2024,52:05.8
651,11,card,27.92,Cortado,Morning,Sun,Jun,7,6,6/9/2024,04:41.3
652,11,card,23.02,Espresso,Morning,Sun,Jun,7,6,6/9/2024,07:08.1
653,11,card,37.72,Cappuccino,Morning,Sun,Jun,7,6,6/9/2024,52:49.6
654,12,card,32.82,Americano with Milk,Afternoon,Sun,Jun,7,6,6/9/2024,11:23.6
655,12,card,37.72,Latte,Afternoon,Sun,Jun,7,6,6/9/2024,13:08.1
656,12,card,37.72,Latte,Afternoon,Sun,Jun,7,6,6/9/2024,14:10.8
657,15,card,27.92,Cortado,Afternoon,Sun,Jun,7,6,6/9/2024,10:30.7
658,16,card,37.72,Cappuccino,Afternoon,Sun,Jun,7,6,6/9/2024,17:28.2
659,19,card,32.82,Americano with Milk,Night,Sun,Jun,7,6,6/9/2024,21:19.3
660,21,card,27.92,Americano,Night,Sun,Jun,7,6,6/9/2024,05:08.8
661,12,card,37.72,Cappuccino,Afternoon,Mon,Jun,1,6,6/10/2024,47:49.9
662,12,card,37.72,Latte,Afternoon,Mon,Jun,1,6,6/10/2024,56:48.3
663,19,card,37.72,Hot Chocolate,Night,Mon,Jun,1,6,6/10/2024,04:28.1
664,19,card,37.72,Hot Chocolate,Night,Mon,Jun,1,6,6/10/2024,05:22.8
665,19,card,37.72,Latte,Night,Mon,Jun,1,6,6/10/2024,37:23.6
666,19,card,37.72,Latte,Night,Mon,Jun,1,6,6/10/2024,38:19.7
667,10,card,32.82,Americano with Milk,Morning,Tue,Jun,2,6,6/11/2024,38:04.0
668,18,card,37.72,Latte,Night,Tue,Jun,2,6,6/11/2024,48:25.3
669,18,card,37.72,Latte,Night,Tue,Jun,2,6,6/11/2024,49:36.4
670,21,card,37.72,Hot Chocolate,Night,Tue,Jun,2,6,6/11/2024,17:03.3
671,21,card,32.82,Americano with Milk,Night,Tue,Jun,2,6,6/11/2024,27:41.9
672,21,card,32.82,Americano with Milk,Night,Tue,Jun,2,6,6/11/2024,28:50.2
673,10,card,37.72,Hot Chocolate,Morning,Wed,Jun,3,6,6/12/2024,18:18.8
674,11,card,37.72,Cappuccino,Morning,Wed,Jun,3,6,6/12/2024,51:43.9
675,17,card,37.72,Latte,Night,Wed,Jun,3,6,6/12/2024,41:17.2
676,17,card,37.72,Latte,Night,Wed,Jun,3,6,6/12/2024,47:27.9
677,20,card,37.72,Hot Chocolate,Night,Wed,Jun,3,6,6/12/2024,16:33.6
678,20,card,32.82,Americano with Milk,Night,Wed,Jun,3,6,6/12/2024,25:34.2
679,8,card,27.92,Americano,Morning,Thu,Jun,4,6,6/13/2024,54:24.2
680,8,card,37.72,Latte,Morning,Thu,Jun,4,6,6/13/2024,57:25.6
681,9,card,32.82,Americano with Milk,Morning,Thu,Jun,4,6,6/13/2024,50:25.0
682,9,card,27.92,Cortado,Morning,Thu,Jun,4,6,6/13/2024,57:11.5
683,17,card,32.82,Americano with Milk,Night,Thu,Jun,4,6,6/13/2024,04:58.6
684,17,card,37.72,Hot Chocolate,Night,Thu,Jun,4,6,6/13/2024,27:46.6
685,19,card,37.72,Latte,Night,Thu,Jun,4,6,6/13/2024,22:19.1
686,20,card,32.82,Americano with Milk,Night,Thu,Jun,4,6,6/13/2024,20:51.8
687,20,card,23.02,Espresso,Night,Thu,Jun,4,6,6/13/2024,43:46.0
688,20,card,23.02,Espresso,Night,Thu,Jun,4,6,6/13/2024,45:00.6
689,20,card,32.82,Americano with Milk,Night,Thu,Jun,4,6,6/13/2024,48:17.9
690,21,card,32.82,Americano with Milk,Night,Thu,Jun,4,6,6/13/2024,02:28.4
691,7,card,27.92,Cortado,Morning,Fri,Jun,5,6,6/14/2024,46:13.2
692,10,card,27.92,Americano,Morning,Fri,Jun,5,6,6/14/2024,30:31.6
693,12,card,37.72,Latte,Afternoon,Fri,Jun,5,6,6/14/2024,14:41.7
694,18,card,32.82,Americano with Milk,Night,Fri,Jun,5,6,6/14/2024,29:53.4
695,11,card,37.72,Cappuccino,Morning,Sat,Jun,6,6,6/15/2024,26:02.0
696,12,card,37.72,Latte,Afternoon,Sat,Jun,6,6,6/15/2024,21:28.1
697,12,card,32.82,Americano with Milk,Afternoon,Sat,Jun,6,6,6/15/2024,22:46.9
698,12,card,23.02,Espresso,Afternoon,Sat,Jun,6,6,6/15/2024,23:52.2
699,12,card,37.72,Cocoa,Afternoon,Sat,Jun,6,6,6/15/2024,24:35.1
700,12,card,32.82,Americano with Milk,Afternoon,Sat,Jun,6,6,6/15/2024,25:24.0
701,16,card,32.82,Americano with Milk,Afternoon,Sat,Jun,6,6,6/15/2024,03:29.9
702,18,card,27.92,Americano,Night,Sat,Jun,6,6,6/15/2024,14:04.6
703,10,card,32.82,Americano with Milk,Morning,Sun,Jun,7,6,6/16/2024,43:51.5
704,10,card,37.72,Latte,Morning,Sun,Jun,7,6,6/16/2024,58:41.4
705,11,card,37.72,Hot Chocolate,Morning,Sun,Jun,7,6,6/16/2024,00:38.2
706,11,card,37.72,Hot Chocolate,Morning,Sun,Jun,7,6,6/16/2024,01:41.5
707,12,card,32.82,Americano with Milk,Afternoon,Sun,Jun,7,6,6/16/2024,49:27.6
708,14,card,23.02,Espresso,Afternoon,Sun,Jun,7,6,6/16/2024,00:39.0
709,15,card,32.82,Americano with Milk,Afternoon,Sun,Jun,7,6,6/16/2024,02:36.3
710,15,card,32.82,Americano with Milk,Afternoon,Sun,Jun,7,6,6/16/2024,05:10.4
711,15,card,37.72,Hot Chocolate,Afternoon,Sun,Jun,7,6,6/16/2024,43:59.6
712,16,card,37.72,Hot Chocolate,Afternoon,Sun,Jun,7,6,6/16/2024,47:36.5
713,17,card,32.82,Americano with Milk,Night,Sun,Jun,7,6,6/16/2024,45:17.3
714,17,card,32.82,Americano with Milk,Night,Sun,Jun,7,6,6/16/2024,46:16.6
715,8,card,27.92,Americano,Morning,Mon,Jun,1,6,6/17/2024,57:24.0
716,10,card,27.92,Cortado,Morning,Mon,Jun,1,6,6/17/2024,12:05.1
717,10,card,27.92,Cortado,Morning,Mon,Jun,1,6,6/17/2024,13:37.6
718,10,card,37.72,Cappuccino,Morning,Mon,Jun,1,6,6/17/2024,55:51.6
719,14,card,37.72,Cappuccino,Afternoon,Mon,Jun,1,6,6/17/2024,51:35.4
720,16,card,37.72,Cappuccino,Afternoon,Mon,Jun,1,6,6/17/2024,50:13.4
721,16,card,37.72,Cappuccino,Afternoon,Mon,Jun,1,6,6/17/2024,51:11.0
722,16,card,27.92,Americano,Afternoon,Mon,Jun,1,6,6/17/2024,52:36.3
723,18,card,27.92,Americano,Night,Mon,Jun,1,6,6/17/2024,51:19.6
724,21,card,32.82,Americano with Milk,Night,Mon,Jun,1,6,6/17/2024,16:11.5
725,14,card,27.92,Americano,Afternoon,Tue,Jun,2,6,6/18/2024,04:06.1
726,14,card,37.72,Cappuccino,Afternoon,Tue,Jun,2,6,6/18/2024,05:12.3
727,19,card,37.72,Cappuccino,Night,Tue,Jun,2,6,6/18/2024,20:40.6
728,19,card,37.72,Cappuccino,Night,Tue,Jun,2,6,6/18/2024,21:38.9
729,20,card,27.92,Cortado,Night,Tue,Jun,2,6,6/18/2024,35:49.5
730,21,card,32.82,Americano with Milk,Night,Tue,Jun,2,6,6/18/2024,20:49.5
731,21,card,32.82,Americano with Milk,Night,Tue,Jun,2,6,6/18/2024,22:18.5
732,7,card,37.72,Latte,Morning,Wed,Jun,3,6,6/19/2024,47:19.8
733,8,card,27.92,Cortado,Morning,Wed,Jun,3,6,6/19/2024,17:54.5
734,10,card,27.92,Americano,Morning,Wed,Jun,3,6,6/19/2024,54:00.5
735,11,card,37.72,Latte,Morning,Wed,Jun,3,6,6/19/2024,11:27.8
736,11,card,37.72,Cocoa,Morning,Wed,Jun,3,6,6/19/2024,12:31.4
737,14,card,32.82,Americano with Milk,Afternoon,Wed,Jun,3,6,6/19/2024,21:36.3
738,18,card,37.72,Cappuccino,Night,Wed,Jun,3,6,6/19/2024,28:43.4
739,18,card,37.72,Latte,Night,Wed,Jun,3,6,6/19/2024,29:59.0
740,19,card,32.82,Americano with Milk,Night,Wed,Jun,3,6,6/19/2024,31:31.3
741,21,card,37.72,Cappuccino,Night,Wed,Jun,3,6,6/19/2024,28:59.5
742,21,card,32.82,Americano with Milk,Night,Wed,Jun,3,6,6/19/2024,30:03.5
743,10,card,37.72,Latte,Morning,Thu,Jun,4,6,6/20/2024,50:06.5
744,18,card,37.72,Latte,Night,Thu,Jun,4,6,6/20/2024,59:02.1
745,19,card,37.72,Latte,Night,Thu,Jun,4,6,6/20/2024,00:00.2
746,21,card,37.72,Latte,Night,Thu,Jun,4,6,6/20/2024,39:10.0
747,21,card,37.72,Latte,Night,Thu,Jun,4,6,6/20/2024,57:40.6
748,21,card,32.82,Americano with Milk,Night,Thu,Jun,4,6,6/20/2024,59:17.6
749,9,card,37.72,Latte,Morning,Fri,Jun,5,6,6/21/2024,59:55.9
750,10,card,27.92,Americano,Morning,Fri,Jun,5,6,6/21/2024,01:40.2
751,13,card,32.82,Americano with Milk,Afternoon,Fri,Jun,5,6,6/21/2024,19:19.4
752,13,card,32.82,Americano with Milk,Afternoon,Fri,Jun,5,6,6/21/2024,20:31.5
753,18,card,23.02,Espresso,Night,Fri,Jun,5,6,6/21/2024,12:16.1
754,19,card,37.72,Latte,Night,Fri,Jun,5,6,6/21/2024,30:26.7
755,19,card,37.72,Cappuccino,Night,Fri,Jun,5,6,6/21/2024,47:06.2
756,19,card,37.72,Cappuccino,Night,Fri,Jun,5,6,6/21/2024,48:06.7
757,19,card,37.72,Cappuccino,Night,Fri,Jun,5,6,6/21/2024,49:54.5
758,19,card,37.72,Cappuccino,Night,Fri,Jun,5,6,6/21/2024,51:00.2
759,19,card,27.92,Americano,Night,Fri,Jun,5,6,6/21/2024,52:18.8
760,19,card,32.82,Americano with Milk,Night,Fri,Jun,5,6,6/21/2024,55:37.1
761,8,card,27.92,Cortado,Morning,Sat,Jun,6,6,6/22/2024,39:50.3
762,9,card,32.82,Americano with Milk,Morning,Sat,Jun,6,6,6/22/2024,37:48.8
763,12,card,32.82,Americano with Milk,Afternoon,Sat,Jun,6,6,6/22/2024,53:15.5
764,15,card,37.72,Latte,Afternoon,Sat,Jun,6,6,6/22/2024,37:20.1
765,22,card,37.72,Cappuccino,Night,Sat,Jun,6,6,6/22/2024,10:23.0
766,18,card,32.82,Americano with Milk,Night,Sun,Jun,7,6,6/23/2024,12:01.4
767,18,card,32.82,Americano with Milk,Night,Sun,Jun,7,6,6/23/2024,13:50.6
768,21,card,37.72,Cappuccino,Night,Sun,Jun,7,6,6/23/2024,06:47.0
769,21,card,37.72,Latte,Night,Sun,Jun,7,6,6/23/2024,29:07.8
770,21,card,37.72,Cappuccino,Night,Sun,Jun,7,6,6/23/2024,30:36.4
771,11,card,32.82,Americano with Milk,Morning,Mon,Jun,1,6,6/24/2024,44:39.9
772,11,card,37.72,Cappuccino,Morning,Mon,Jun,1,6,6/24/2024,49:36.0
773,11,card,37.72,Cappuccino,Morning,Mon,Jun,1,6,6/24/2024,50:44.1
774,15,card,37.72,Latte,Afternoon,Mon,Jun,1,6,6/24/2024,02:29.0
775,16,card,37.72,Cappuccino,Afternoon,Mon,Jun,1,6,6/24/2024,46:00.6
776,16,card,37.72,Cappuccino,Afternoon,Mon,Jun,1,6,6/24/2024,47:00.4
777,8,card,37.72,Latte,Morning,Tue,Jun,2,6,6/25/2024,19:24.2
778,10,card,32.82,Americano with Milk,Morning,Tue,Jun,2,6,6/25/2024,28:26.4
779,10,card,32.82,Americano with Milk,Morning,Tue,Jun,2,6,6/25/2024,29:42.4
780,11,card,37.72,Cappuccino,Morning,Tue,Jun,2,6,6/25/2024,34:52.3
781,9,card,37.72,Latte,Morning,Wed,Jun,3,6,6/26/2024,33:01.7
782,16,card,23.02,Espresso,Afternoon,Wed,Jun,3,6,6/26/2024,32:29.5
783,16,card,27.92,Americano,Afternoon,Wed,Jun,3,6,6/26/2024,34:01.6
784,21,card,37.72,Latte,Night,Wed,Jun,3,6,6/26/2024,21:53.3
785,21,card,37.72,Cappuccino,Night,Wed,Jun,3,6,6/26/2024,27:00.8
786,21,card,32.82,Americano with Milk,Night,Wed,Jun,3,6,6/26/2024,28:14.6
787,9,card,32.82,Americano with Milk,Morning,Thu,Jun,4,6,6/27/2024,15:43.2
788,16,card,27.92,Cortado,Afternoon,Thu,Jun,4,6,6/27/2024,16:11:48
789,21,card,32.82,Americano with Milk,Night,Thu,Jun,4,6,6/27/2024,44:03.4
790,21,card,37.72,Cappuccino,Night,Thu,Jun,4,6,6/27/2024,50:31.6
791,8,card,27.92,Cortado,Morning,Fri,Jun,5,6,6/28/2024,08:35.0
792,17,card,23.02,Espresso,Night,Fri,Jun,5,6,6/28/2024,51:54.0
793,21,card,32.82,Americano with Milk,Night,Fri,Jun,5,6,6/28/2024,50:55.4
794,21,card,37.72,Latte,Night,Fri,Jun,5,6,6/28/2024,52:01.9
795,22,card,37.72,Cappuccino,Night,Fri,Jun,5,6,6/28/2024,28:20.0
796,9,card,32.82,Americano with Milk,Morning,Sat,Jun,6,6,6/29/2024,47:10.3
797,11,card,32.82,Americano with Milk,Morning,Sat,Jun,6,6,6/29/2024,40:19.6
798,11,card,32.82,Americano with Milk,Morning,Sat,Jun,6,6,6/29/2024,41:26.6
799,12,card,37.72,Cappuccino,Afternoon,Sat,Jun,6,6,6/29/2024,30:24.4
800,12,card,37.72,Cappuccino,Afternoon,Sat,Jun,6,6,6/29/2024,31:42.6
801,17,card,37.72,Cappuccino,Night,Sat,Jun,6,6,6/29/2024,23:43.6
802,17,card,37.72,Hot Chocolate,Night,Sat,Jun,6,6,6/29/2024,24:52.4
803,21,card,37.72,Latte,Night,Sat,Jun,6,6,6/29/2024,27:22.4
804,10,card,37.72,Latte,Morning,Sun,Jun,7,6,6/30/2024,28:09.8
805,13,card,23.02,Espresso,Afternoon,Sun,Jun,7,6,6/30/2024,05:50.6
806,16,card,37.72,Hot Chocolate,Afternoon,Sun,Jun,7,6,6/30/2024,54:41.7
807,21,card,32.82,Americano with Milk,Night,Sun,Jun,7,6,6/30/2024,04:09.7
808,18,card,23.02,Espresso,Night,Mon,Jul,1,7,7/1/2024,07:26.8
809,18,card,37.72,Cappuccino,Night,Mon,Jul,1,7,7/1/2024,56:51.8
810,18,card,37.72,Cappuccino,Night,Mon,Jul,1,7,7/1/2024,57:54.3
811,10,card,32.82,Americano with Milk,Morning,Tue,Jul,2,7,7/2/2024,42:54.1
812,10,card,27.92,Americano,Morning,Tue,Jul,2,7,7/2/2024,45:00.6
813,12,card,37.72,Latte,Afternoon,Tue,Jul,2,7,7/2/2024,48:05.2
814,14,card,27.92,Americano,Afternoon,Tue,Jul,2,7,7/2/2024,03:13.2
815,16,card,32.82,Americano with Milk,Afternoon,Tue,Jul,2,7,7/2/2024,31:24.3
816,22,card,32.82,Americano with Milk,Night,Tue,Jul,2,7,7/2/2024,02:23.6
817,13,card,32.82,Americano with Milk,Afternoon,Wed,Jul,3,7,7/3/2024,51:14.9
818,16,card,37.72,Cappuccino,Afternoon,Wed,Jul,3,7,7/3/2024,01:16.6
819,16,card,37.72,Cappuccino,Afternoon,Wed,Jul,3,7,7/3/2024,50:25.2
820,16,card,32.82,Americano with Milk,Afternoon,Wed,Jul,3,7,7/3/2024,53:15.6
821,16,card,32.82,Americano with Milk,Afternoon,Wed,Jul,3,7,7/3/2024,54:22.9
822,16,card,37.72,Latte,Afternoon,Wed,Jul,3,7,7/3/2024,55:31.4
823,16,card,23.02,Espresso,Afternoon,Wed,Jul,3,7,7/3/2024,59:25.6
824,17,card,37.72,Cappuccino,Night,Wed,Jul,3,7,7/3/2024,59:01.8
825,19,card,37.72,Latte,Night,Wed,Jul,3,7,7/3/2024,06:09.1
826,10,card,32.82,Americano with Milk,Morning,Thu,Jul,4,7,7/4/2024,26:23.7
827,10,card,27.92,Americano,Morning,Thu,Jul,4,7,7/4/2024,27:30.3
828,12,card,37.72,Cocoa,Afternoon,Fri,Jul,5,7,7/5/2024,20:28.7
829,13,card,32.82,Americano with Milk,Afternoon,Fri,Jul,5,7,7/5/2024,43:43.1
830,13,card,32.82,Americano with Milk,Afternoon,Fri,Jul,5,7,7/5/2024,44:43.8
831,18,card,23.02,Espresso,Night,Fri,Jul,5,7,7/5/2024,55:56.3
832,19,card,27.92,Americano,Night,Fri,Jul,5,7,7/5/2024,55:07.8
833,22,card,23.02,Espresso,Night,Fri,Jul,5,7,7/5/2024,11:56.5
834,22,card,27.92,Americano,Night,Fri,Jul,5,7,7/5/2024,18:03.3
835,22,card,27.92,Americano,Night,Fri,Jul,5,7,7/5/2024,18:56.9
836,22,card,37.72,Cappuccino,Night,Fri,Jul,5,7,7/5/2024,20:01.1
837,22,card,32.82,Americano with Milk,Night,Fri,Jul,5,7,7/5/2024,21:09.5
838,10,card,37.72,Latte,Morning,Sat,Jul,6,7,7/6/2024,28:06.8
839,17,card,32.82,Latte,Night,Sat,Jul,6,7,7/6/2024,15:46.0
840,17,card,32.82,Latte,Night,Sat,Jul,6,7,7/6/2024,17:01.0
841,19,card,32.82,Latte,Night,Sat,Jul,6,7,7/6/2024,09:46.1
842,19,card,27.92,Americano with Milk,Night,Sat,Jul,6,7,7/6/2024,10:39.6
843,9,card,32.82,Cappuccino,Morning,Sun,Jul,7,7,7/7/2024,04:20.2
844,9,card,27.92,Americano with Milk,Morning,Sun,Jul,7,7,7/7/2024,14:29.2
845,9,card,27.92,Americano with Milk,Morning,Sun,Jul,7,7,7/7/2024,15:36.8
846,9,card,32.82,Cappuccino,Morning,Sun,Jul,7,7,7/7/2024,28:48.9
847,9,card,32.82,Cappuccino,Morning,Sun,Jul,7,7,7/7/2024,29:56.2
848,14,card,32.82,Hot Chocolate,Afternoon,Sun,Jul,7,7,7/7/2024,56:30.2
849,14,card,32.82,Cocoa,Afternoon,Sun,Jul,7,7,7/7/2024,57:47.4
850,17,card,32.82,Latte,Night,Sun,Jul,7,7,7/7/2024,07:50.3
851,19,card,32.82,Cappuccino,Night,Sun,Jul,7,7,7/7/2024,33:27.2
852,20,card,32.82,Hot Chocolate,Night,Sun,Jul,7,7,7/7/2024,01:31.7
853,22,card,27.92,Americano with Milk,Night,Sun,Jul,7,7,7/7/2024,33:36.3
854,7,card,32.82,Latte,Morning,Mon,Jul,1,7,7/8/2024,33:07.7
855,12,card,23.02,Americano,Afternoon,Mon,Jul,1,7,7/8/2024,02:50.4
856,14,card,23.02,Americano,Afternoon,Mon,Jul,1,7,7/8/2024,40:24.4
857,19,card,27.92,Americano with Milk,Night,Mon,Jul,1,7,7/8/2024,30:35.0
858,22,card,32.82,Latte,Night,Mon,Jul,1,7,7/8/2024,14:46.2
859,10,card,27.92,Americano with Milk,Morning,Tue,Jul,2,7,7/9/2024,26:52.1
860,10,card,27.92,Americano with Milk,Morning,Tue,Jul,2,7,7/9/2024,40:28.8
861,11,card,27.92,Americano with Milk,Morning,Tue,Jul,2,7,7/9/2024,21:36.1
862,11,card,32.82,Cappuccino,Morning,Tue,Jul,2,7,7/9/2024,22:49.9
863,16,card,27.92,Americano with Milk,Afternoon,Tue,Jul,2,7,7/9/2024,42:59.5
864,11,card,23.02,Americano,Morning,Wed,Jul,3,7,7/10/2024,10:41.7
865,12,card,27.92,Americano with Milk,Afternoon,Wed,Jul,3,7,7/10/2024,28:53.7
866,22,card,32.82,Latte,Night,Wed,Jul,3,7,7/10/2024,13:10.0
867,11,card,32.82,Hot Chocolate,Morning,Thu,Jul,4,7,7/11/2024,27:27.6
868,16,card,27.92,Americano with Milk,Afternoon,Thu,Jul,4,7,7/11/2024,48:18.7
869,22,card,32.82,Latte,Night,Thu,Jul,4,7,7/11/2024,22:13.6
870,22,card,23.02,Americano,Night,Thu,Jul,4,7,7/11/2024,30:58.5
871,8,card,23.02,Cortado,Morning,Fri,Jul,5,7,7/12/2024,03:17.5
872,11,card,32.82,Hot Chocolate,Morning,Fri,Jul,5,7,7/12/2024,48:33.4
873,22,card,32.82,Hot Chocolate,Night,Fri,Jul,5,7,7/12/2024,33:25.6
874,22,card,32.82,Hot Chocolate,Night,Fri,Jul,5,7,7/12/2024,34:14.3
875,22,card,32.82,Hot Chocolate,Night,Fri,Jul,5,7,7/12/2024,35:29.5
876,10,card,32.82,Latte,Morning,Sat,Jul,6,7,7/13/2024,38:10.3
877,11,card,32.82,Latte,Morning,Sat,Jul,6,7,7/13/2024,41:38.1
878,10,card,23.02,Americano,Morning,Sun,Jul,7,7,7/14/2024,54:24.3
879,10,card,27.92,Americano with Milk,Morning,Sun,Jul,7,7,7/14/2024,55:30.5
880,10,card,32.82,Cappuccino,Morning,Sun,Jul,7,7,7/14/2024,56:30.3
881,10,card,32.82,Latte,Morning,Sun,Jul,7,7,7/14/2024,57:54.1
882,11,card,23.02,Americano,Morning,Sun,Jul,7,7,7/14/2024,02:11.8
883,22,card,32.82,Latte,Night,Sun,Jul,7,7,7/14/2024,31:30.0
884,7,card,32.82,Cappuccino,Morning,Mon,Jul,1,7,7/15/2024,33:05.6
885,12,card,27.92,Americano with Milk,Afternoon,Tue,Jul,2,7,7/16/2024,23:37.5
886,19,card,32.82,Hot Chocolate,Night,Tue,Jul,2,7,7/16/2024,29:25.5
887,13,card,27.92,Americano with Milk,Afternoon,Wed,Jul,3,7,7/17/2024,04:59.7
888,11,card,27.92,Americano with Milk,Morning,Thu,Jul,4,7,7/18/2024,10:13.4
889,11,card,18.12,Espresso,Morning,Thu,Jul,4,7,7/18/2024,11:23.4
890,11,card,23.02,Americano,Morning,Thu,Jul,4,7,7/18/2024,32:59.6
891,11,card,23.02,Americano,Morning,Thu,Jul,4,7,7/18/2024,34:48.4
892,11,card,23.02,Cortado,Morning,Thu,Jul,4,7,7/18/2024,35:51.5
893,13,card,32.82,Latte,Afternoon,Thu,Jul,4,7,7/18/2024,23:33.8
894,18,card,32.82,Cappuccino,Night,Thu,Jul,4,7,7/18/2024,18:23.4
895,19,card,32.82,Latte,Night,Thu,Jul,4,7,7/18/2024,30:50.6
896,21,card,32.82,Hot Chocolate,Night,Thu,Jul,4,7,7/18/2024,19:41.8
897,21,card,32.82,Latte,Night,Thu,Jul,4,7,7/18/2024,21:59.9
898,21,card,32.82,Latte,Night,Thu,Jul,4,7,7/18/2024,46:18.7
899,11,card,23.02,Americano,Morning,Fri,Jul,5,7,7/19/2024,03:02.3
900,11,card,27.92,Americano with Milk,Morning,Fri,Jul,5,7,7/19/2024,16:20.5
901,12,card,32.82,Latte,Afternoon,Fri,Jul,5,7,7/19/2024,58:37.6
902,12,card,27.92,Americano with Milk,Afternoon,Fri,Jul,5,7,7/19/2024,59:55.4
903,14,card,32.82,Latte,Afternoon,Fri,Jul,5,7,7/19/2024,09:20.7
904,14,card,32.82,Cocoa,Afternoon,Fri,Jul,5,7,7/19/2024,11:22.1
905,16,card,32.82,Latte,Afternoon,Fri,Jul,5,7,7/19/2024,36:19.3
906,16,card,32.82,Latte,Afternoon,Fri,Jul,5,7,7/19/2024,37:35.8
907,8,card,23.02,Americano,Morning,Sat,Jul,6,7,7/20/2024,05:44.5
908,8,card,32.82,Latte,Morning,Sat,Jul,6,7,7/20/2024,06:48.7
909,8,card,23.02,Americano,Morning,Sat,Jul,6,7,7/20/2024,07:51.4
910,9,card,32.82,Latte,Morning,Sat,Jul,6,7,7/20/2024,00:53.6
911,9,card,32.82,Latte,Morning,Sat,Jul,6,7,7/20/2024,02:27.8
912,10,card,23.02,Americano,Morning,Sat,Jul,6,7,7/20/2024,39:21.0
913,15,card,32.82,Latte,Afternoon,Sat,Jul,6,7,7/20/2024,15:09.2
914,10,card,32.82,Cocoa,Morning,Sun,Jul,7,7,7/21/2024,30:55.8
915,11,card,32.82,Cappuccino,Morning,Sun,Jul,7,7,7/21/2024,39:28.8
916,13,card,23.02,Cortado,Afternoon,Sun,Jul,7,7,7/21/2024,34:30.8
917,13,card,32.82,Latte,Afternoon,Sun,Jul,7,7,7/21/2024,42:31.4
918,8,card,23.02,Americano,Morning,Mon,Jul,1,7,7/22/2024,13:23.1
919,8,card,23.02,Americano,Morning,Mon,Jul,1,7,7/22/2024,40:49.6
920,10,card,27.92,Americano with Milk,Morning,Mon,Jul,1,7,7/22/2024,15:37.3
921,16,card,32.82,Latte,Afternoon,Mon,Jul,1,7,7/22/2024,44:37.6
922,8,card,32.82,Latte,Morning,Tue,Jul,2,7,7/23/2024,12:56.2
923,8,card,23.02,Americano,Morning,Tue,Jul,2,7,7/23/2024,40:19.0
924,8,card,27.92,Americano with Milk,Morning,Tue,Jul,2,7,7/23/2024,44:53.8
925,8,card,32.82,Cocoa,Morning,Tue,Jul,2,7,7/23/2024,49:25.1
926,8,card,32.82,Latte,Morning,Tue,Jul,2,7,7/23/2024,51:10.4
927,9,card,23.02,Americano,Morning,Tue,Jul,2,7,7/23/2024,01:45.7
928,10,card,27.92,Americano with Milk,Morning,Tue,Jul,2,7,7/23/2024,03:36.5
929,15,card,27.92,Americano with Milk,Afternoon,Tue,Jul,2,7,7/23/2024,20:05.0
930,15,card,32.82,Latte,Afternoon,Tue,Jul,2,7,7/23/2024,21:01.3
931,21,card,32.82,Latte,Night,Tue,Jul,2,7,7/23/2024,01:40.6
932,21,card,23.02,Americano,Night,Tue,Jul,2,7,7/23/2024,23:13.5
933,21,card,23.02,Americano,Night,Tue,Jul,2,7,7/23/2024,24:22.6
934,9,card,27.92,Americano with Milk,Morning,Wed,Jul,3,7,7/24/2024,16:09.8
935,9,card,27.92,Americano with Milk,Morning,Wed,Jul,3,7,7/24/2024,38:55.0
936,9,card,18.12,Espresso,Morning,Wed,Jul,3,7,7/24/2024,54:37.5
937,11,card,32.82,Cappuccino,Morning,Wed,Jul,3,7,7/24/2024,43:53.1
938,13,card,32.82,Latte,Afternoon,Wed,Jul,3,7,7/24/2024,55:13.8
939,14,card,18.12,Espresso,Afternoon,Wed,Jul,3,7,7/24/2024,45:49.8
940,15,card,32.82,Latte,Afternoon,Wed,Jul,3,7,7/24/2024,18:30.5
941,19,card,32.82,Cappuccino,Night,Wed,Jul,3,7,7/24/2024,15:05.7
942,19,card,32.82,Cappuccino,Night,Wed,Jul,3,7,7/24/2024,16:59.8
943,21,card,27.92,Americano with Milk,Night,Wed,Jul,3,7,7/24/2024,17:36.8
944,21,card,23.02,Americano,Night,Wed,Jul,3,7,7/24/2024,18:41.3
945,21,card,23.02,Americano,Night,Wed,Jul,3,7,7/24/2024,25:17.5
946,7,card,23.02,Americano,Morning,Thu,Jul,4,7,7/25/2024,54:47.9
947,8,card,32.82,Latte,Morning,Thu,Jul,4,7,7/25/2024,49:18.4
948,10,card,27.92,Americano with Milk,Morning,Thu,Jul,4,7,7/25/2024,29:44.6
949,11,card,23.02,Americano,Morning,Thu,Jul,4,7,7/25/2024,26:04.7
950,15,card,32.82,Cappuccino,Afternoon,Thu,Jul,4,7,7/25/2024,25:06.5
951,19,card,32.82,Cappuccino,Night,Thu,Jul,4,7,7/25/2024,21:00.8
952,21,card,23.02,Cortado,Night,Thu,Jul,4,7,7/25/2024,06:01.3
953,21,card,18.12,Espresso,Night,Thu,Jul,4,7,7/25/2024,06:50.0
954,22,card,23.02,Cortado,Night,Thu,Jul,4,7,7/25/2024,38:51.3
955,22,card,32.82,Cocoa,Night,Thu,Jul,4,7,7/25/2024,39:46.8
956,8,card,32.82,Latte,Morning,Fri,Jul,5,7,7/26/2024,33:01.3
957,9,card,27.92,Americano with Milk,Morning,Fri,Jul,5,7,7/26/2024,19:37.4
958,9,card,18.12,Espresso,Morning,Fri,Jul,5,7,7/26/2024,20:34.3
959,9,card,23.02,Cortado,Morning,Fri,Jul,5,7,7/26/2024,33:11.5
960,9,card,23.02,Cortado,Morning,Fri,Jul,5,7,7/26/2024,34:16.6
961,9,card,32.82,Latte,Morning,Fri,Jul,5,7,7/26/2024,59:07.9
962,10,card,32.82,Latte,Morning,Fri,Jul,5,7,7/26/2024,00:02.7
963,11,card,27.92,Americano with Milk,Morning,Fri,Jul,5,7,7/26/2024,47:13.9
964,12,card,27.92,Americano with Milk,Afternoon,Fri,Jul,5,7,7/26/2024,07:01.7
965,12,card,32.82,Cappuccino,Afternoon,Fri,Jul,5,7,7/26/2024,28:08.0
966,12,card,32.82,Cappuccino,Afternoon,Fri,Jul,5,7,7/26/2024,29:17.7
967,13,card,32.82,Latte,Afternoon,Fri,Jul,5,7,7/26/2024,09:56.1
968,17,card,23.02,Americano,Night,Fri,Jul,5,7,7/26/2024,23:29.3
969,17,card,32.82,Cappuccino,Night,Fri,Jul,5,7,7/26/2024,58:29.2
970,21,card,32.82,Latte,Night,Fri,Jul,5,7,7/26/2024,15:09.6
971,22,card,27.92,Americano with Milk,Night,Fri,Jul,5,7,7/26/2024,49:52.3
972,9,card,32.82,Cappuccino,Morning,Sat,Jul,6,7,7/27/2024,09:16.5
973,11,card,27.92,Americano with Milk,Morning,Sat,Jul,6,7,7/27/2024,55:31.4
974,12,card,27.92,Americano with Milk,Afternoon,Sat,Jul,6,7,7/27/2024,25:10.1
975,12,card,18.12,Espresso,Afternoon,Sat,Jul,6,7,7/27/2024,26:13.2
976,12,card,27.92,Americano with Milk,Afternoon,Sat,Jul,6,7,7/27/2024,33:23.1
977,14,card,18.12,Espresso,Afternoon,Sat,Jul,6,7,7/27/2024,28:41.9
978,14,card,32.82,Latte,Afternoon,Sat,Jul,6,7,7/27/2024,51:53.2
979,17,card,32.82,Cappuccino,Night,Sat,Jul,6,7,7/27/2024,02:33.4
980,17,card,32.82,Cappuccino,Night,Sat,Jul,6,7,7/27/2024,03:39.1
981,17,card,27.92,Americano with Milk,Night,Sat,Jul,6,7,7/27/2024,09:00.4
982,17,card,27.92,Americano with Milk,Night,Sat,Jul,6,7,7/27/2024,10:08.1
983,20,card,32.82,Latte,Night,Sat,Jul,6,7,7/27/2024,55:20.2
984,22,card,32.82,Cappuccino,Night,Sat,Jul,6,7,7/27/2024,56:23.9
985,11,card,18.12,Espresso,Morning,Sun,Jul,7,7,7/28/2024,07:25.9
986,14,card,27.92,Americano with Milk,Afternoon,Sun,Jul,7,7,7/28/2024,17:54.2
987,14,card,32.82,Latte,Afternoon,Sun,Jul,7,7,7/28/2024,18:52.2
988,8,card,32.82,Latte,Morning,Mon,Jul,1,7,7/29/2024,12:06.4
989,9,card,23.02,Americano,Morning,Mon,Jul,1,7,7/29/2024,04:48.0
990,9,card,27.92,Americano with Milk,Morning,Mon,Jul,1,7,7/29/2024,15:46.2
991,9,card,23.02,Americano,Morning,Mon,Jul,1,7,7/29/2024,19:44.1
992,9,card,27.92,Americano with Milk,Morning,Mon,Jul,1,7,7/29/2024,51:24.7
993,9,card,32.82,Cappuccino,Morning,Mon,Jul,1,7,7/29/2024,58:29.6
994,10,card,32.82,Hot Chocolate,Morning,Mon,Jul,1,7,7/29/2024,43:44.0
995,10,card,32.82,Hot Chocolate,Morning,Mon,Jul,1,7,7/29/2024,44:55.8
996,19,card,32.82,Cappuccino,Night,Mon,Jul,1,7,7/29/2024,06:31.1
997,19,card,23.02,Americano,Night,Mon,Jul,1,7,7/29/2024,30:16.3
998,21,card,32.82,Cocoa,Night,Mon,Jul,1,7,7/29/2024,57:34.4
999,7,card,27.92,Americano with Milk,Morning,Tue,Jul,2,7,7/30/2024,41:10.9
1000,8,card,23.02,Cortado,Morning,Tue,Jul,2,7,7/30/2024,05:07.2
1001,8,card,32.82,Cappuccino,Morning,Tue,Jul,2,7,7/30/2024,20:51.1
1002,9,card,27.92,Americano with Milk,Morning,Tue,Jul,2,7,7/30/2024,13:43.2
1003,10,card,23.02,Cortado,Morning,Tue,Jul,2,7,7/30/2024,17:11.1
1004,10,card,27.92,Americano with Milk,Morning,Tue,Jul,2,7,7/30/2024,19:34.2
1005,10,card,32.82,Latte,Morning,Tue,Jul,2,7,7/30/2024,23:20.1
1006,11,card,23.02,Americano,Morning,Tue,Jul,2,7,7/30/2024,12:07.4
1007,11,card,18.12,Espresso,Morning,Tue,Jul,2,7,7/30/2024,13:16.2
1008,11,card,27.92,Americano with Milk,Morning,Tue,Jul,2,7,7/30/2024,14:41.7
1009,11,card,27.92,Americano with Milk,Morning,Tue,Jul,2,7,7/30/2024,16:01.6
1010,11,card,27.92,Americano with Milk,Morning,Tue,Jul,2,7,7/30/2024,30:34.7
1011,11,card,27.92,Americano with Milk,Morning,Tue,Jul,2,7,7/30/2024,31:40.8
1012,12,card,32.82,Latte,Afternoon,Tue,Jul,2,7,7/30/2024,08:07.5
1013,15,card,27.92,Americano with Milk,Afternoon,Tue,Jul,2,7,7/30/2024,16:09.6
1014,16,card,23.02,Cortado,Afternoon,Tue,Jul,2,7,7/30/2024,08:52.9
1015,16,card,27.92,Americano with Milk,Afternoon,Tue,Jul,2,7,7/30/2024,09:43.6
1016,20,card,18.12,Espresso,Night,Tue,Jul,2,7,7/30/2024,24:19.9
1017,20,card,27.92,Americano with Milk,Night,Tue,Jul,2,7,7/30/2024,53:51.9
1018,20,card,27.92,Americano with Milk,Night,Tue,Jul,2,7,7/30/2024,54:46.3
1019,20,card,27.92,Americano with Milk,Night,Tue,Jul,2,7,7/30/2024,57:02.3
1020,21,card,32.82,Latte,Night,Tue,Jul,2,7,7/30/2024,33:19.2
1021,22,card,23.02,Americano,Night,Tue,Jul,2,7,7/30/2024,15:21.5
1022,22,card,32.82,Cappuccino,Night,Tue,Jul,2,7,7/30/2024,16:19.3
1023,7,card,27.92,Americano with Milk,Morning,Wed,Jul,3,7,7/31/2024,59:52.1
1024,8,card,27.92,Americano with Milk,Morning,Wed,Jul,3,7,7/31/2024,37:41.9
1025,8,card,27.92,Americano with Milk,Morning,Wed,Jul,3,7,7/31/2024,38:38.2
1026,9,card,23.02,Americano,Morning,Wed,Jul,3,7,7/31/2024,54:45.3
1027,9,card,23.02,Americano,Morning,Wed,Jul,3,7,7/31/2024,55:45.1
1028,9,card,27.92,Americano with Milk,Morning,Wed,Jul,3,7,7/31/2024,58:15.9
1029,13,card,32.82,Cocoa,Afternoon,Wed,Jul,3,7,7/31/2024,11:42.6
1030,13,card,32.82,Latte,Afternoon,Wed,Jul,3,7,7/31/2024,14:00.3
1031,13,card,27.92,Americano with Milk,Afternoon,Wed,Jul,3,7,7/31/2024,24:49.4
1032,17,card,23.02,Cortado,Night,Wed,Jul,3,7,7/31/2024,48:06.8
1033,18,card,32.82,Latte,Night,Wed,Jul,3,7,7/31/2024,04:15.0
1034,19,card,23.02,Cortado,Night,Wed,Jul,3,7,7/31/2024,22:38.9
1035,19,card,32.82,Latte,Night,Wed,Jul,3,7,7/31/2024,28:45.1
1036,20,card,32.82,Cocoa,Night,Wed,Jul,3,7,7/31/2024,46:42.4
1037,20,card,23.02,Cortado,Night,Wed,Jul,3,7,7/31/2024,50:07.4
1038,20,card,32.82,Latte,Night,Wed,Jul,3,7,7/31/2024,51:10.4
1039,20,card,32.82,Cappuccino,Night,Wed,Jul,3,7,7/31/2024,52:14.8
1040,20,card,23.02,Cortado,Night,Wed,Jul,3,7,7/31/2024,53:35.1
1041,20,card,27.92,Americano with Milk,Night,Wed,Jul,3,7,7/31/2024,59:25.0
1042,21,card,32.82,Latte,Night,Wed,Jul,3,7,7/31/2024,21:26:26
1043,21,card,32.82,Latte,Night,Wed,Jul,3,7,7/31/2024,54:11.8
1044,21,card,32.82,Latte,Night,Wed,Jul,3,7,7/31/2024,55:16.6
1045,7,card,27.92,Americano with Milk,Morning,Thu,Aug,4,8,8/1/2024,31:00.1
1046,9,card,27.92,Americano with Milk,Morning,Thu,Aug,4,8,8/1/2024,25:20.1
1047,11,card,27.92,Americano with Milk,Morning,Thu,Aug,4,8,8/1/2024,04:14.1
1048,11,card,27.92,Americano with Milk,Morning,Thu,Aug,4,8,8/1/2024,22:46.4
1049,13,card,23.02,Cortado,Afternoon,Thu,Aug,4,8,8/1/2024,22:46.6
1050,13,card,32.82,Cappuccino,Afternoon,Thu,Aug,4,8,8/1/2024,23:37.3
1051,13,card,32.82,Cappuccino,Afternoon,Thu,Aug,4,8,8/1/2024,49:07.3
1052,15,card,27.92,Americano with Milk,Afternoon,Thu,Aug,4,8,8/1/2024,43:43.8
1053,16,card,27.92,Americano with Milk,Afternoon,Thu,Aug,4,8,8/1/2024,24:00.7
1054,16,card,23.02,Americano,Afternoon,Thu,Aug,4,8,8/1/2024,26:07.3
1055,17,card,23.02,Americano,Night,Thu,Aug,4,8,8/1/2024,23:35.2
1056,20,card,32.82,Cappuccino,Night,Thu,Aug,4,8,8/1/2024,41:28.1
1057,9,card,27.92,Americano with Milk,Morning,Fri,Aug,5,8,8/2/2024,01:54.2
1058,9,card,27.92,Americano with Milk,Morning,Fri,Aug,5,8,8/2/2024,35:02.9
1059,11,card,23.02,Cortado,Morning,Fri,Aug,5,8,8/2/2024,09:19.5
1060,18,card,27.92,Americano with Milk,Night,Fri,Aug,5,8,8/2/2024,08:35.3
1061,21,card,32.82,Latte,Night,Fri,Aug,5,8,8/2/2024,23:04.4
1062,8,card,27.92,Americano with Milk,Morning,Sat,Aug,6,8,8/3/2024,53:46.7
1063,9,card,27.92,Americano with Milk,Morning,Sat,Aug,6,8,8/3/2024,37:19.2
1064,9,card,27.92,Americano with Milk,Morning,Sat,Aug,6,8,8/3/2024,38:41.0
1065,10,card,27.92,Americano with Milk,Morning,Sat,Aug,6,8,8/3/2024,12:25.6
1066,11,card,23.02,Cortado,Morning,Sat,Aug,6,8,8/3/2024,20:26.6
1067,11,card,23.02,Cortado,Morning,Sat,Aug,6,8,8/3/2024,11:21:22
1068,11,card,18.12,Espresso,Morning,Sat,Aug,6,8,8/3/2024,56:36.6
1069,11,card,27.92,Americano with Milk,Morning,Sat,Aug,6,8,8/3/2024,57:31.3
1070,12,card,27.92,Americano with Milk,Afternoon,Sat,Aug,6,8,8/3/2024,03:35.8
1071,16,card,27.92,Americano with Milk,Afternoon,Sat,Aug,6,8,8/3/2024,53:59.9
1072,18,card,32.82,Cappuccino,Night,Sat,Aug,6,8,8/3/2024,38:42.0
1073,21,card,32.82,Latte,Night,Sat,Aug,6,8,8/3/2024,30:49.0
1074,21,card,32.82,Latte,Night,Sat,Aug,6,8,8/3/2024,33:06.3
1075,8,card,32.82,Cappuccino,Morning,Sun,Aug,7,8,8/4/2024,18:37.3
1076,10,card,27.92,Americano with Milk,Morning,Sun,Aug,7,8,8/4/2024,37:51.1
1077,11,card,32.82,Cappuccino,Morning,Sun,Aug,7,8,8/4/2024,50:54.6
1078,11,card,27.92,Americano with Milk,Morning,Sun,Aug,7,8,8/4/2024,52:33.0
1079,15,card,32.82,Cappuccino,Afternoon,Sun,Aug,7,8,8/4/2024,33:52.1
1080,15,card,32.82,Cappuccino,Afternoon,Sun,Aug,7,8,8/4/2024,35:05.9
1081,8,card,23.02,Cortado,Morning,Mon,Aug,1,8,8/5/2024,50:05.8
1082,9,card,27.92,Americano with Milk,Morning,Mon,Aug,1,8,8/5/2024,19:19.2
1083,11,card,23.02,Cortado,Morning,Mon,Aug,1,8,8/5/2024,20:47.4
1084,13,card,32.82,Cappuccino,Afternoon,Mon,Aug,1,8,8/5/2024,45:22.5
1085,16,card,32.82,Latte,Afternoon,Mon,Aug,1,8,8/5/2024,05:57.7
1086,16,card,32.82,Latte,Afternoon,Mon,Aug,1,8,8/5/2024,07:18.8
1087,17,card,32.82,Latte,Night,Mon,Aug,1,8,8/5/2024,44:24.5
1088,17,card,27.92,Americano with Milk,Night,Mon,Aug,1,8,8/5/2024,45:32.1
1089,19,card,32.82,Latte,Night,Mon,Aug,1,8,8/5/2024,20:02.7
1090,19,card,32.82,Latte,Night,Mon,Aug,1,8,8/5/2024,34:51.5
1091,20,card,32.82,Cocoa,Night,Mon,Aug,1,8,8/5/2024,49:30.9
1092,20,card,32.82,Cocoa,Night,Mon,Aug,1,8,8/5/2024,50:21.9
1093,22,card,27.92,Americano with Milk,Night,Mon,Aug,1,8,8/5/2024,43:48.2
1094,10,card,23.02,Cortado,Morning,Tue,Aug,2,8,8/6/2024,21:03.3
1095,10,card,32.82,Hot Chocolate,Morning,Tue,Aug,2,8,8/6/2024,32:32.3
1096,17,card,32.82,Cappuccino,Night,Tue,Aug,2,8,8/6/2024,40:49.2
1097,17,card,32.82,Latte,Night,Tue,Aug,2,8,8/6/2024,42:52.7
1098,17,card,32.82,Cocoa,Night,Tue,Aug,2,8,8/6/2024,44:05.1
1099,19,card,32.82,Latte,Night,Tue,Aug,2,8,8/6/2024,04:04.5
1100,19,card,27.92,Americano with Milk,Night,Tue,Aug,2,8,8/6/2024,05:23.1
1101,20,card,32.82,Latte,Night,Tue,Aug,2,8,8/6/2024,04:27.1
1102,8,card,27.92,Americano with Milk,Morning,Wed,Aug,3,8,8/7/2024,55:48.5
1103,12,card,23.02,Americano,Afternoon,Wed,Aug,3,8,8/7/2024,12:26.8
1104,12,card,23.02,Americano,Afternoon,Wed,Aug,3,8,8/7/2024,13:40.7
1105,13,card,18.12,Espresso,Afternoon,Wed,Aug,3,8,8/7/2024,11:16.2
1106,16,card,23.02,Americano,Afternoon,Wed,Aug,3,8,8/7/2024,19:01.7
1107,19,card,32.82,Latte,Night,Wed,Aug,3,8,8/7/2024,36:22.7
1108,20,card,32.82,Cocoa,Night,Wed,Aug,3,8,8/7/2024,40:09.3
1109,21,card,32.82,Cappuccino,Night,Wed,Aug,3,8,8/7/2024,18:12.0
1110,22,card,32.82,Latte,Night,Wed,Aug,3,8,8/7/2024,28:56.7
1111,22,card,32.82,Latte,Night,Wed,Aug,3,8,8/7/2024,32:16.0
1112,8,card,18.12,Espresso,Morning,Thu,Aug,4,8,8/8/2024,46:36.2
1113,8,card,23.02,Cortado,Morning,Thu,Aug,4,8,8/8/2024,47:28.7
1114,12,card,27.92,Americano with Milk,Afternoon,Thu,Aug,4,8,8/8/2024,27:05.4
1115,12,card,23.02,Cortado,Afternoon,Thu,Aug,4,8,8/8/2024,43:19.6
1116,12,card,23.02,Cortado,Afternoon,Thu,Aug,4,8,8/8/2024,44:15.0
1117,16,card,32.82,Cappuccino,Afternoon,Thu,Aug,4,8,8/8/2024,57:53.3
1118,17,card,32.82,Cappuccino,Night,Thu,Aug,4,8,8/8/2024,17:51.7
1119,21,card,27.92,Americano with Milk,Night,Thu,Aug,4,8,8/8/2024,25:59.3
1120,7,card,32.82,Latte,Morning,Fri,Aug,5,8,8/9/2024,35:22.3
1121,9,card,23.02,Americano,Morning,Fri,Aug,5,8,8/9/2024,53:34.6
1122,10,card,23.02,Cortado,Morning,Fri,Aug,5,8,8/9/2024,13:07.5
1123,10,card,27.92,Americano with Milk,Morning,Fri,Aug,5,8,8/9/2024,26:47.2
1124,11,card,32.82,Latte,Morning,Fri,Aug,5,8,8/9/2024,28:08.7
1125,11,card,23.02,Americano,Morning,Fri,Aug,5,8,8/9/2024,29:48.7
1126,18,card,23.02,Americano,Night,Fri,Aug,5,8,8/9/2024,56:27.7
1127,19,card,32.82,Hot Chocolate,Night,Fri,Aug,5,8,8/9/2024,03:06.6
1128,8,card,32.82,Cappuccino,Morning,Sat,Aug,6,8,8/10/2024,36:44.6
1129,8,card,27.92,Americano with Milk,Morning,Sat,Aug,6,8,8/10/2024,37:57.1
1130,8,card,23.02,Cortado,Morning,Sat,Aug,6,8,8/10/2024,45:09.0
1131,11,card,23.02,Cortado,Morning,Sat,Aug,6,8,8/10/2024,52:33.8
1132,11,card,23.02,Americano,Morning,Sat,Aug,6,8,8/10/2024,54:23.5
1133,12,card,32.82,Latte,Afternoon,Sat,Aug,6,8,8/10/2024,15:10.9
1134,12,card,27.92,Americano with Milk,Afternoon,Sat,Aug,6,8,8/10/2024,33:12.5
1135,16,card,32.82,Latte,Afternoon,Sat,Aug,6,8,8/10/2024,06:12.1
1136,21,card,32.82,Cocoa,Night,Sat,Aug,6,8,8/10/2024,16:48.6
1137,21,card,32.82,Cocoa,Night,Sat,Aug,6,8,8/10/2024,17:41.1
1138,21,card,32.82,Cocoa,Night,Sat,Aug,6,8,8/10/2024,37:41.5
1139,9,card,32.82,Latte,Morning,Sun,Aug,7,8,8/11/2024,52:36.6
1140,9,card,32.82,Latte,Morning,Sun,Aug,7,8,8/11/2024,53:43.6
1141,10,card,27.92,Americano with Milk,Morning,Sun,Aug,7,8,8/11/2024,17:23.6
1142,11,card,32.82,Cappuccino,Morning,Sun,Aug,7,8,8/11/2024,56:41.1
1143,11,card,27.92,Americano with Milk,Morning,Sun,Aug,7,8,8/11/2024,57:41.3
1144,12,card,23.02,Cortado,Afternoon,Sun,Aug,7,8,8/11/2024,20:19.6
1145,15,card,32.82,Latte,Afternoon,Sun,Aug,7,8,8/11/2024,53:51.6
1146,15,card,27.92,Americano with Milk,Afternoon,Sun,Aug,7,8,8/11/2024,55:14.9
1147,15,card,32.82,Cocoa,Afternoon,Sun,Aug,7,8,8/11/2024,56:27.7
1148,16,card,32.82,Cappuccino,Afternoon,Sun,Aug,7,8,8/11/2024,27:35.1
1149,16,card,18.12,Espresso,Afternoon,Sun,Aug,7,8,8/11/2024,28:38.3
1150,21,card,23.02,Cortado,Night,Sun,Aug,7,8,8/11/2024,30:32.5
1151,21,card,32.82,Latte,Night,Sun,Aug,7,8,8/11/2024,41:09.1
1152,21,card,32.82,Latte,Night,Sun,Aug,7,8,8/11/2024,43:10.1
1153,22,card,32.82,Cappuccino,Night,Sun,Aug,7,8,8/11/2024,39:29.9
1154,8,card,32.82,Hot Chocolate,Morning,Mon,Aug,1,8,8/12/2024,26:19.5
1155,11,card,27.92,Americano with Milk,Morning,Mon,Aug,1,8,8/12/2024,15:04.8
1156,11,card,23.02,Americano,Morning,Mon,Aug,1,8,8/12/2024,19:29.5
1157,11,card,32.82,Latte,Morning,Mon,Aug,1,8,8/12/2024,20:23.6
1158,11,card,32.82,Latte,Morning,Mon,Aug,1,8,8/12/2024,44:28.4
1159,14,card,18.12,Espresso,Afternoon,Mon,Aug,1,8,8/12/2024,04:03.4
1160,14,card,27.92,Americano with Milk,Afternoon,Mon,Aug,1,8,8/12/2024,05:06.9
1161,15,card,27.92,Americano with Milk,Afternoon,Mon,Aug,1,8,8/12/2024,33:33.1
1162,18,card,27.92,Americano with Milk,Night,Mon,Aug,1,8,8/12/2024,05:04.8
1163,21,card,27.92,Americano with Milk,Night,Mon,Aug,1,8,8/12/2024,25:49.4
1164,21,card,32.82,Latte,Night,Mon,Aug,1,8,8/12/2024,37:38.0
1165,22,card,32.82,Cappuccino,Night,Mon,Aug,1,8,8/12/2024,58:20.1
1166,22,card,32.82,Cappuccino,Night,Mon,Aug,1,8,8/12/2024,59:18.5
1167,8,card,27.92,Americano with Milk,Morning,Tue,Aug,2,8,8/13/2024,44:30.2
1168,9,card,27.92,Americano with Milk,Morning,Tue,Aug,2,8,8/13/2024,14:21.6
1169,9,card,27.92,Americano with Milk,Morning,Tue,Aug,2,8,8/13/2024,45:56.4
1170,10,card,23.02,Cortado,Morning,Tue,Aug,2,8,8/13/2024,42:08.8
1171,11,card,32.82,Latte,Morning,Tue,Aug,2,8,8/13/2024,59:47.6
1172,13,card,27.92,Americano with Milk,Afternoon,Tue,Aug,2,8,8/13/2024,01:41.5
1173,14,card,32.82,Latte,Afternoon,Tue,Aug,2,8,8/13/2024,45:39.7
1174,15,card,32.82,Cappuccino,Afternoon,Tue,Aug,2,8,8/13/2024,47:56.7
1175,15,card,27.92,Americano with Milk,Afternoon,Tue,Aug,2,8,8/13/2024,55:29.6
1176,20,card,32.82,Latte,Night,Tue,Aug,2,8,8/13/2024,29:34.5
1177,20,card,32.82,Cocoa,Night,Tue,Aug,2,8,8/13/2024,30:37.2
1178,20,card,32.82,Cappuccino,Night,Tue,Aug,2,8,8/13/2024,44:23.0
1179,21,card,23.02,Cortado,Night,Tue,Aug,2,8,8/13/2024,00:44.7
1180,7,card,32.82,Latte,Morning,Wed,Aug,3,8,8/14/2024,35:48.1
1181,7,card,32.82,Cappuccino,Morning,Wed,Aug,3,8,8/14/2024,36:55.6
1182,10,card,23.02,Cortado,Morning,Wed,Aug,3,8,8/14/2024,09:29.1
1183,11,card,18.12,Espresso,Morning,Wed,Aug,3,8,8/14/2024,39:07.9
1184,12,card,23.02,Americano,Afternoon,Wed,Aug,3,8,8/14/2024,49:17.0
1185,12,card,23.02,Americano,Afternoon,Wed,Aug,3,8,8/14/2024,51:04.9
1186,15,card,32.82,Latte,Afternoon,Wed,Aug,3,8,8/14/2024,21:27.3
1187,17,card,23.02,Americano,Night,Wed,Aug,3,8,8/14/2024,24:22.8
1188,18,card,23.02,Cortado,Night,Wed,Aug,3,8,8/14/2024,10:03.7
1189,18,card,27.92,Americano with Milk,Night,Wed,Aug,3,8,8/14/2024,59:18.3
1190,19,card,32.82,Latte,Night,Wed,Aug,3,8,8/14/2024,34:51.7
1191,19,card,23.02,Cortado,Night,Wed,Aug,3,8,8/14/2024,35:48.5
1192,21,card,32.82,Latte,Night,Wed,Aug,3,8,8/14/2024,41:33.0
1193,9,card,23.02,Cortado,Morning,Thu,Aug,4,8,8/15/2024,36:11.2
1194,9,card,32.82,Cappuccino,Morning,Thu,Aug,4,8,8/15/2024,37:02.2
1195,9,card,32.82,Hot Chocolate,Morning,Thu,Aug,4,8,8/15/2024,38:04.9
1196,9,card,32.82,Latte,Morning,Thu,Aug,4,8,8/15/2024,38:49.7
1197,12,card,32.82,Latte,Afternoon,Thu,Aug,4,8,8/15/2024,38:37.6
1198,13,card,32.82,Latte,Afternoon,Thu,Aug,4,8,8/15/2024,48:13.6
1199,14,card,23.02,Americano,Afternoon,Thu,Aug,4,8,8/15/2024,17:48.2
1200,14,card,18.12,Espresso,Afternoon,Thu,Aug,4,8,8/15/2024,18:50.8
1201,17,card,27.92,Americano with Milk,Night,Thu,Aug,4,8,8/15/2024,53:52.2
1202,19,card,32.82,Hot Chocolate,Night,Thu,Aug,4,8,8/15/2024,10:58.2
1203,19,card,27.92,Americano with Milk,Night,Thu,Aug,4,8,8/15/2024,11:54.0
1204,19,card,27.92,Americano with Milk,Night,Thu,Aug,4,8,8/15/2024,41:30.2
1205,19,card,23.02,Americano,Night,Thu,Aug,4,8,8/15/2024,42:38.0
1206,20,card,32.82,Cappuccino,Night,Thu,Aug,4,8,8/15/2024,40:41.5
1207,21,card,18.12,Espresso,Night,Thu,Aug,4,8,8/15/2024,35:20.1
1208,21,card,27.92,Americano with Milk,Night,Thu,Aug,4,8,8/15/2024,36:11.0
1209,12,card,32.82,Latte,Afternoon,Fri,Aug,5,8,8/16/2024,29:16.7
1210,12,card,23.02,Americano,Afternoon,Fri,Aug,5,8,8/16/2024,54:17.5
1211,13,card,27.92,Americano with Milk,Afternoon,Fri,Aug,5,8,8/16/2024,36:12.8
1212,15,card,18.12,Espresso,Afternoon,Fri,Aug,5,8,8/16/2024,18:51.7
1213,15,card,18.12,Espresso,Afternoon,Fri,Aug,5,8,8/16/2024,19:39.3
1214,9,card,27.92,Americano with Milk,Morning,Sat,Aug,6,8,8/17/2024,16:53.5
1215,9,card,32.82,Cappuccino,Morning,Sat,Aug,6,8,8/17/2024,18:09.0
1216,10,card,27.92,Americano with Milk,Morning,Sat,Aug,6,8,8/17/2024,53:41.3
1217,11,card,23.02,Cortado,Morning,Sat,Aug,6,8,8/17/2024,58:41.6
1218,11,card,23.02,Cortado,Morning,Sat,Aug,6,8,8/17/2024,59:28.3
1219,13,card,27.92,Americano with Milk,Afternoon,Sat,Aug,6,8,8/17/2024,18:40.2
1220,16,card,23.02,Cortado,Afternoon,Sat,Aug,6,8,8/17/2024,31:54.8
1221,16,card,32.82,Latte,Afternoon,Sat,Aug,6,8,8/17/2024,33:49.0
1222,18,card,32.82,Cappuccino,Night,Sat,Aug,6,8,8/17/2024,48:58.9
1223,21,card,27.92,Americano with Milk,Night,Sat,Aug,6,8,8/17/2024,18:56.8
1224,22,card,32.82,Latte,Night,Sat,Aug,6,8,8/17/2024,42:39.4
1225,8,card,32.82,Cappuccino,Morning,Sun,Aug,7,8,8/18/2024,09:42.6
1226,8,card,32.82,Cappuccino,Morning,Sun,Aug,7,8,8/18/2024,32:05.6
1227,8,card,23.02,Cortado,Morning,Sun,Aug,7,8,8/18/2024,41:06.2
1228,8,card,27.92,Americano with Milk,Morning,Sun,Aug,7,8,8/18/2024,56:01.3
1229,12,card,32.82,Cappuccino,Afternoon,Sun,Aug,7,8,8/18/2024,31:40.9
1230,14,card,27.92,Americano with Milk,Afternoon,Sun,Aug,7,8,8/18/2024,30:21.6
1231,18,card,27.92,Americano with Milk,Night,Sun,Aug,7,8,8/18/2024,24:10.8
1232,18,card,27.92,Americano with Milk,Night,Sun,Aug,7,8,8/18/2024,26:03.8
1233,18,card,23.02,Americano,Night,Sun,Aug,7,8,8/18/2024,27:17.6
1234,18,card,23.02,Americano,Night,Sun,Aug,7,8,8/18/2024,28:13.1
1235,15,card,27.92,Americano with Milk,Afternoon,Mon,Aug,1,8,8/19/2024,09:49.0
1236,15,card,27.92,Americano with Milk,Afternoon,Mon,Aug,1,8,8/19/2024,10:51.2
1237,21,card,32.82,Latte,Night,Mon,Aug,1,8,8/19/2024,21:12.1
1238,21,card,32.82,Cocoa,Night,Mon,Aug,1,8,8/19/2024,31:57.0
1239,8,card,23.02,Cortado,Morning,Tue,Aug,2,8,8/20/2024,27:16.4
1240,8,card,32.82,Latte,Morning,Tue,Aug,2,8,8/20/2024,29:14.9
1241,8,card,18.12,Espresso,Morning,Tue,Aug,2,8,8/20/2024,49:47.5
1242,8,card,23.02,Cortado,Morning,Tue,Aug,2,8,8/20/2024,50:36.3
1243,9,card,27.92,Americano with Milk,Morning,Tue,Aug,2,8,8/20/2024,14:54.9
1244,11,card,23.02,Americano,Morning,Tue,Aug,2,8,8/20/2024,09:55.6
1245,11,card,23.02,Americano,Morning,Tue,Aug,2,8,8/20/2024,11:39.1
1246,11,card,23.02,Americano,Morning,Tue,Aug,2,8,8/20/2024,12:31.2
1247,11,card,32.82,Latte,Morning,Tue,Aug,2,8,8/20/2024,11:42:20
1248,20,card,32.82,Latte,Night,Tue,Aug,2,8,8/20/2024,42:40.9
1249,20,card,32.82,Latte,Night,Tue,Aug,2,8,8/20/2024,44:14.9
1250,20,card,32.82,Latte,Night,Tue,Aug,2,8,8/20/2024,45:12.3
1251,20,card,32.82,Latte,Night,Tue,Aug,2,8,8/20/2024,46:04.0
1252,7,card,27.92,Americano with Milk,Morning,Wed,Aug,3,8,8/21/2024,59:13.1
1253,8,card,23.02,Cortado,Morning,Wed,Aug,3,8,8/21/2024,40:27.4
1254,10,card,23.02,Americano,Morning,Wed,Aug,3,8,8/21/2024,13:32.4
1255,10,card,27.92,Americano with Milk,Morning,Wed,Aug,3,8,8/21/2024,38:44.5
1256,11,card,23.02,Cortado,Morning,Wed,Aug,3,8,8/21/2024,51:41.4
1257,13,card,32.82,Latte,Afternoon,Wed,Aug,3,8,8/21/2024,17:10.8
1258,19,card,32.82,Latte,Night,Wed,Aug,3,8,8/21/2024,42:03.5
1259,9,card,23.02,Cortado,Morning,Thu,Aug,4,8,8/22/2024,22:26.3
1260,10,card,27.92,Americano with Milk,Morning,Thu,Aug,4,8,8/22/2024,09:23.5
1261,10,card,27.92,Americano with Milk,Morning,Thu,Aug,4,8,8/22/2024,47:59.4
1262,14,card,32.82,Latte,Afternoon,Thu,Aug,4,8,8/22/2024,16:12.1
1263,14,card,32.82,Latte,Afternoon,Thu,Aug,4,8,8/22/2024,26:58.3
1264,15,card,32.82,Cappuccino,Afternoon,Thu,Aug,4,8,8/22/2024,07:07.4
1265,15,card,23.02,Americano,Afternoon,Thu,Aug,4,8,8/22/2024,27:27.3
1266,7,card,32.82,Latte,Morning,Fri,Aug,5,8,8/23/2024,43:16.1
1267,8,card,23.02,Cortado,Morning,Fri,Aug,5,8,8/23/2024,21:48.1
1268,8,card,32.82,Latte,Morning,Fri,Aug,5,8,8/23/2024,22:56.6
1269,8,card,23.02,Americano,Morning,Fri,Aug,5,8,8/23/2024,33:38.7
1270,8,card,23.02,Americano,Morning,Fri,Aug,5,8,8/23/2024,34:35.0
1271,9,card,27.92,Americano with Milk,Morning,Fri,Aug,5,8,8/23/2024,14:52.0
1272,10,card,32.82,Cocoa,Morning,Fri,Aug,5,8,8/23/2024,10:58.7
1273,10,card,23.02,Americano,Morning,Fri,Aug,5,8,8/23/2024,11:55.5
1274,10,card,23.02,Cortado,Morning,Fri,Aug,5,8,8/23/2024,39:12.3
1275,11,card,32.82,Hot Chocolate,Morning,Fri,Aug,5,8,8/23/2024,12:59.4
1276,13,card,23.02,Americano,Afternoon,Fri,Aug,5,8,8/23/2024,24:54.7
1277,15,card,23.02,Americano,Afternoon,Fri,Aug,5,8,8/23/2024,28:52.8
1278,19,card,32.82,Latte,Night,Fri,Aug,5,8,8/23/2024,48:02.8
1279,8,card,23.02,Cortado,Morning,Sat,Aug,6,8,8/24/2024,13:42.3
1280,8,card,23.02,Cortado,Morning,Sat,Aug,6,8,8/24/2024,14:47.6
1281,8,card,23.02,Cortado,Morning,Sat,Aug,6,8,8/24/2024,44:11.6
1282,10,card,18.12,Espresso,Morning,Sat,Aug,6,8,8/24/2024,18:09.5
1283,10,card,18.12,Espresso,Morning,Sat,Aug,6,8,8/24/2024,18:52.3
1284,10,card,23.02,Americano,Morning,Sat,Aug,6,8,8/24/2024,19:49.2
1285,8,card,23.02,Cortado,Morning,Sun,Aug,7,8,8/25/2024,14:37.4
1286,8,card,23.02,Americano,Morning,Sun,Aug,7,8,8/25/2024,26:27.7
1287,8,card,23.02,Americano,Morning,Sun,Aug,7,8,8/25/2024,27:36.4
1288,9,card,32.82,Cappuccino,Morning,Sun,Aug,7,8,8/25/2024,24:22.3
1289,12,card,32.82,Cappuccino,Afternoon,Sun,Aug,7,8,8/25/2024,41:42.7
1290,14,card,32.82,Latte,Afternoon,Sun,Aug,7,8,8/25/2024,53:02.7
1291,8,card,23.02,Cortado,Morning,Mon,Aug,1,8,8/26/2024,11:47.3
1292,8,card,23.02,Americano,Morning,Mon,Aug,1,8,8/26/2024,16:09.6
1293,8,card,23.02,Americano,Morning,Mon,Aug,1,8,8/26/2024,17:23.2
1294,9,card,27.92,Americano with Milk,Morning,Mon,Aug,1,8,8/26/2024,21:36.7
1295,10,card,32.82,Latte,Morning,Mon,Aug,1,8,8/26/2024,37:44.5
1296,10,card,32.82,Cappuccino,Morning,Mon,Aug,1,8,8/26/2024,38:49.0
1297,12,card,23.02,Americano,Afternoon,Mon,Aug,1,8,8/26/2024,45:13.2
1298,12,card,23.02,Americano,Afternoon,Mon,Aug,1,8,8/26/2024,46:23.6
1299,18,card,27.92,Americano with Milk,Night,Mon,Aug,1,8,8/26/2024,53:27.8
1300,18,card,32.82,Latte,Night,Mon,Aug,1,8,8/26/2024,54:31.3
1301,22,card,27.92,Americano with Milk,Night,Mon,Aug,1,8,8/26/2024,55:39.9
1302,10,card,32.82,Latte,Morning,Tue,Aug,2,8,8/27/2024,04:04.6
1303,12,card,27.92,Americano with Milk,Afternoon,Wed,Aug,3,8,8/28/2024,08:18.8
1304,12,card,32.82,Cappuccino,Afternoon,Wed,Aug,3,8,8/28/2024,10:04.1
1305,12,card,23.02,Americano,Afternoon,Wed,Aug,3,8,8/28/2024,35:06.9
1306,13,card,27.92,Americano with Milk,Afternoon,Wed,Aug,3,8,8/28/2024,48:35.2
1307,7,card,23.02,Americano,Morning,Thu,Aug,4,8,8/29/2024,29:30.3
1308,17,card,32.82,Latte,Night,Fri,Aug,5,8,8/30/2024,13:30.5
1309,17,card,27.92,Americano with Milk,Night,Fri,Aug,5,8,8/30/2024,14:32.8
1310,17,card,27.92,Americano with Milk,Night,Fri,Aug,5,8,8/30/2024,15:35.4
1311,9,card,23.02,Cortado,Morning,Sat,Aug,6,8,8/31/2024,08:32.5
1312,10,card,27.92,Americano with Milk,Morning,Sat,Aug,6,8,8/31/2024,02:08.2
1313,10,card,18.12,Espresso,Morning,Sat,Aug,6,8,8/31/2024,22:26.9
1314,11,card,27.92,Americano with Milk,Morning,Sat,Aug,6,8,8/31/2024,29:54.6
1315,11,card,23.02,Cortado,Morning,Sat,Aug,6,8,8/31/2024,33:39.9
1316,11,card,23.02,Cortado,Morning,Sat,Aug,6,8,8/31/2024,34:32.9
1317,9,card,23.02,Cortado,Morning,Sun,Sep,7,9,9/1/2024,34:15.2
1318,12,card,32.82,Cappuccino,Afternoon,Sun,Sep,7,9,9/1/2024,11:24.7
1319,12,card,27.92,Americano with Milk,Afternoon,Sun,Sep,7,9,9/1/2024,30:08.6
1320,12,card,23.02,Americano,Afternoon,Sun,Sep,7,9,9/1/2024,32:22.0
1321,12,card,27.92,Americano with Milk,Afternoon,Sun,Sep,7,9,9/1/2024,50:17.4
1322,13,card,32.82,Latte,Afternoon,Sun,Sep,7,9,9/1/2024,57:33.9
1323,14,card,27.92,Americano with Milk,Afternoon,Sun,Sep,7,9,9/1/2024,44:04.0
1324,17,card,32.82,Latte,Night,Sun,Sep,7,9,9/1/2024,20:46.3
1325,17,card,32.82,Latte,Night,Sun,Sep,7,9,9/1/2024,23:13.9
1326,17,card,32.82,Latte,Night,Sun,Sep,7,9,9/1/2024,24:49.7
1327,8,card,32.82,Latte,Morning,Mon,Sep,1,9,9/2/2024,24:39.8
1328,8,card,27.92,Americano with Milk,Morning,Mon,Sep,1,9,9/2/2024,50:17.6
1329,8,card,32.82,Latte,Morning,Mon,Sep,1,9,9/2/2024,51:33.1
1330,14,card,27.92,Americano with Milk,Afternoon,Mon,Sep,1,9,9/2/2024,58:47.1
1331,20,card,32.82,Cappuccino,Night,Mon,Sep,1,9,9/2/2024,09:43.9
1332,20,card,32.82,Cocoa,Night,Mon,Sep,1,9,9/2/2024,11:17.9
1333,20,card,23.02,Americano,Night,Mon,Sep,1,9,9/2/2024,52:32.0
1334,20,card,23.02,Americano,Night,Mon,Sep,1,9,9/2/2024,53:29.1
1335,8,card,32.82,Cocoa,Morning,Tue,Sep,2,9,9/3/2024,22:15.4
1336,8,card,32.82,Cappuccino,Morning,Tue,Sep,2,9,9/3/2024,28:12.4
1337,8,card,32.82,Latte,Morning,Tue,Sep,2,9,9/3/2024,41:11.7
1338,9,card,27.92,Americano with Milk,Morning,Tue,Sep,2,9,9/3/2024,03:12.5
1339,9,card,32.82,Cappuccino,Morning,Tue,Sep,2,9,9/3/2024,04:11.8
1340,9,card,32.82,Cocoa,Morning,Tue,Sep,2,9,9/3/2024,12:48.2
1341,9,card,32.82,Cocoa,Morning,Tue,Sep,2,9,9/3/2024,13:33.7
1342,9,card,27.92,Americano with Milk,Morning,Tue,Sep,2,9,9/3/2024,17:02.2
1343,9,card,27.92,Americano with Milk,Morning,Tue,Sep,2,9,9/3/2024,20:17.2
1344,9,card,32.82,Latte,Morning,Tue,Sep,2,9,9/3/2024,37:52.3
1345,9,card,32.82,Cocoa,Morning,Tue,Sep,2,9,9/3/2024,38:56.4
1346,12,card,23.02,Cortado,Afternoon,Tue,Sep,2,9,9/3/2024,56:53.4
1347,14,card,27.92,Americano with Milk,Afternoon,Tue,Sep,2,9,9/3/2024,14:51.7
1348,14,card,27.92,Americano with Milk,Afternoon,Tue,Sep,2,9,9/3/2024,16:17.3
1349,18,card,27.92,Americano with Milk,Night,Tue,Sep,2,9,9/3/2024,48:34.7
1350,19,card,32.82,Latte,Night,Tue,Sep,2,9,9/3/2024,11:12.3
1351,19,card,27.92,Americano with Milk,Night,Tue,Sep,2,9,9/3/2024,17:13.8
1352,11,card,27.92,Americano with Milk,Morning,Wed,Sep,3,9,9/4/2024,11:21.6
1353,11,card,32.82,Latte,Morning,Wed,Sep,3,9,9/4/2024,33:36.6
1354,11,card,23.02,Americano,Morning,Wed,Sep,3,9,9/4/2024,48:03.5
1355,11,card,27.92,Americano with Milk,Morning,Wed,Sep,3,9,9/4/2024,55:34.5
1356,12,card,32.82,Latte,Afternoon,Wed,Sep,3,9,9/4/2024,53:31.3
1357,13,card,32.82,Latte,Afternoon,Wed,Sep,3,9,9/4/2024,03:50.6
1358,13,card,27.92,Americano with Milk,Afternoon,Wed,Sep,3,9,9/4/2024,05:16.1
1359,18,card,32.82,Cappuccino,Night,Wed,Sep,3,9,9/4/2024,03:46.9
1360,19,card,27.92,Americano with Milk,Night,Wed,Sep,3,9,9/4/2024,41:42.0
1361,21,card,32.82,Latte,Night,Wed,Sep,3,9,9/4/2024,19:35.6
1362,9,card,27.92,Americano with Milk,Morning,Thu,Sep,4,9,9/5/2024,31:17.0
1363,10,card,27.92,Americano with Milk,Morning,Thu,Sep,4,9,9/5/2024,28:56.2
1364,11,card,23.02,Americano,Morning,Thu,Sep,4,9,9/5/2024,06:30.6
1365,14,card,32.82,Latte,Afternoon,Thu,Sep,4,9,9/5/2024,00:27.7
1366,15,card,32.82,Latte,Afternoon,Thu,Sep,4,9,9/5/2024,25:12.3
1367,16,card,23.02,Americano,Afternoon,Thu,Sep,4,9,9/5/2024,38:50.4
1368,16,card,27.92,Americano with Milk,Afternoon,Thu,Sep,4,9,9/5/2024,39:59.6
1369,17,card,32.82,Cappuccino,Night,Thu,Sep,4,9,9/5/2024,04:28.9
1370,17,card,32.82,Cappuccino,Night,Thu,Sep,4,9,9/5/2024,05:31.7
1371,20,card,32.82,Cappuccino,Night,Thu,Sep,4,9,9/5/2024,30:15.0
1372,20,card,23.02,Americano,Night,Thu,Sep,4,9,9/5/2024,54:24.4
1373,20,card,32.82,Cappuccino,Night,Thu,Sep,4,9,9/5/2024,55:31.4
1374,21,card,27.92,Americano with Milk,Night,Thu,Sep,4,9,9/5/2024,26:28.8
1375,21,card,27.92,Americano with Milk,Night,Thu,Sep,4,9,9/5/2024,27:30.0
1376,8,card,32.82,Cappuccino,Morning,Fri,Sep,5,9,9/6/2024,25:33.9
1377,8,card,32.82,Latte,Morning,Fri,Sep,5,9,9/6/2024,34:46.8
1378,8,card,23.02,Americano,Morning,Fri,Sep,5,9,9/6/2024,54:41.9
1379,9,card,18.12,Espresso,Morning,Fri,Sep,5,9,9/6/2024,50:39.9
1380,9,card,32.82,Latte,Morning,Fri,Sep,5,9,9/6/2024,51:52.2
1381,10,card,32.82,Hot Chocolate,Morning,Fri,Sep,5,9,9/6/2024,30:06.0
1382,11,card,18.12,Espresso,Morning,Fri,Sep,5,9,9/6/2024,23:25.4
1383,11,card,18.12,Espresso,Morning,Fri,Sep,5,9,9/6/2024,24:29.3
1384,20,card,32.82,Latte,Night,Fri,Sep,5,9,9/6/2024,00:12.0
1385,21,card,32.82,Latte,Night,Fri,Sep,5,9,9/6/2024,09:31.2
1386,8,card,32.82,Latte,Morning,Sat,Sep,6,9,9/7/2024,48:57.0
1387,9,card,23.02,Cortado,Morning,Sat,Sep,6,9,9/7/2024,52:03.0
1388,9,card,23.02,Cortado,Morning,Sat,Sep,6,9,9/7/2024,53:03.6
1389,9,card,23.02,Cortado,Morning,Sat,Sep,6,9,9/7/2024,54:41.6
1390,9,card,27.92,Americano with Milk,Morning,Sat,Sep,6,9,9/7/2024,57:47.7
1391,9,card,27.92,Americano with Milk,Morning,Sat,Sep,6,9,9/7/2024,59:02.3
1392,10,card,23.02,Cortado,Morning,Sat,Sep,6,9,9/7/2024,00:19.7
1393,10,card,23.02,Americano,Morning,Sat,Sep,6,9,9/7/2024,22:44.5
1394,10,card,18.12,Espresso,Morning,Sat,Sep,6,9,9/7/2024,37:52.3
1395,10,card,18.12,Espresso,Morning,Sat,Sep,6,9,9/7/2024,40:12.6
1396,10,card,32.82,Latte,Morning,Sat,Sep,6,9,9/7/2024,53:32.2
1397,11,card,27.92,Americano with Milk,Morning,Sat,Sep,6,9,9/7/2024,18:56.8
1398,11,card,23.02,Americano,Morning,Sat,Sep,6,9,9/7/2024,20:00.0
1399,11,card,18.12,Espresso,Morning,Sat,Sep,6,9,9/7/2024,20:57.1
1400,15,card,32.82,Latte,Afternoon,Sat,Sep,6,9,9/7/2024,55:08.5
1401,16,card,23.02,Americano,Afternoon,Sat,Sep,6,9,9/7/2024,20:01.0
1402,16,card,18.12,Espresso,Afternoon,Sat,Sep,6,9,9/7/2024,20:59.3
1403,19,card,32.82,Cocoa,Night,Sat,Sep,6,9,9/7/2024,35:04.9
1404,19,card,32.82,Latte,Night,Sat,Sep,6,9,9/7/2024,36:05.1
1405,19,card,32.82,Latte,Night,Sat,Sep,6,9,9/7/2024,37:15.5
1406,20,card,32.82,Latte,Night,Sat,Sep,6,9,9/7/2024,13:51.7
1407,20,card,32.82,Latte,Night,Sat,Sep,6,9,9/7/2024,14:59.2
1408,8,card,23.02,Cortado,Morning,Sun,Sep,7,9,9/8/2024,15:40.8
1409,9,card,23.02,Cortado,Morning,Sun,Sep,7,9,9/8/2024,18:17.0
1410,9,card,23.02,Cortado,Morning,Sun,Sep,7,9,9/8/2024,19:12.4
1411,10,card,23.02,Cortado,Morning,Sun,Sep,7,9,9/8/2024,05:56.1
1412,12,card,23.02,Cortado,Afternoon,Sun,Sep,7,9,9/8/2024,43:28.0
1413,20,card,23.02,Americano,Night,Sun,Sep,7,9,9/8/2024,13:32.9
1414,7,card,32.82,Latte,Morning,Mon,Sep,1,9,9/9/2024,51:13.6
1415,7,card,32.82,Cappuccino,Morning,Mon,Sep,1,9,9/9/2024,53:51.6
1416,7,card,27.92,Americano with Milk,Morning,Mon,Sep,1,9,9/9/2024,55:21.6
1417,7,card,32.82,Latte,Morning,Mon,Sep,1,9,9/9/2024,56:37.7
1418,9,card,32.82,Latte,Morning,Mon,Sep,1,9,9/9/2024,49:50.7
1419,9,card,32.82,Hot Chocolate,Morning,Mon,Sep,1,9,9/9/2024,50:51.7
1420,9,card,32.82,Latte,Morning,Mon,Sep,1,9,9/9/2024,59:10.7
1421,11,card,27.92,Americano with Milk,Morning,Mon,Sep,1,9,9/9/2024,11:36.1
1422,11,card,27.92,Americano with Milk,Morning,Mon,Sep,1,9,9/9/2024,12:50.6
1423,11,card,32.82,Latte,Morning,Mon,Sep,1,9,9/9/2024,29:49.2
1424,12,card,18.12,Espresso,Afternoon,Mon,Sep,1,9,9/9/2024,06:59.7
1425,15,card,32.82,Latte,Afternoon,Mon,Sep,1,9,9/9/2024,12:13.8
1426,15,card,23.02,Americano,Afternoon,Mon,Sep,1,9,9/9/2024,13:24.5
1427,17,card,32.82,Latte,Night,Mon,Sep,1,9,9/9/2024,24:10.4
1428,18,card,32.82,Latte,Night,Mon,Sep,1,9,9/9/2024,13:46.3
1429,20,card,32.82,Cappuccino,Night,Mon,Sep,1,9,9/9/2024,07:36.2
1430,20,card,32.82,Latte,Night,Mon,Sep,1,9,9/9/2024,13:43.5
1431,8,card,32.82,Hot Chocolate,Morning,Tue,Sep,2,9,9/10/2024,12:02.4
1432,9,card,32.82,Cappuccino,Morning,Tue,Sep,2,9,9/10/2024,32:46.8
1433,15,card,23.02,Cortado,Afternoon,Tue,Sep,2,9,9/10/2024,21:54.4
1434,15,card,23.02,Cortado,Afternoon,Tue,Sep,2,9,9/10/2024,23:05.9
1435,18,card,32.82,Cappuccino,Night,Tue,Sep,2,9,9/10/2024,43:41.8
1436,18,card,27.92,Americano with Milk,Night,Tue,Sep,2,9,9/10/2024,45:22.6
1437,19,card,32.82,Latte,Night,Tue,Sep,2,9,9/10/2024,02:43.0
1438,19,card,32.82,Latte,Night,Tue,Sep,2,9,9/10/2024,03:53.3
1439,21,card,27.92,Americano with Milk,Night,Tue,Sep,2,9,9/10/2024,29:34.6
1440,21,card,23.02,Americano,Night,Tue,Sep,2,9,9/10/2024,30:27.0
1441,8,card,32.82,Latte,Morning,Wed,Sep,3,9,9/11/2024,47:22.3
1442,9,card,27.92,Americano with Milk,Morning,Wed,Sep,3,9,9/11/2024,28:46.8
1443,10,card,32.82,Latte,Morning,Wed,Sep,3,9,9/11/2024,52:09.2
1444,19,card,32.82,Cappuccino,Night,Wed,Sep,3,9,9/11/2024,53:12.5
1445,20,card,27.92,Americano with Milk,Night,Wed,Sep,3,9,9/11/2024,13:14.9
1446,20,card,32.82,Latte,Night,Wed,Sep,3,9,9/11/2024,14:18.9
1447,20,card,32.82,Latte,Night,Wed,Sep,3,9,9/11/2024,15:19.4
1448,21,card,23.02,Cortado,Night,Wed,Sep,3,9,9/11/2024,01:34.2
1449,10,card,18.12,Espresso,Morning,Thu,Sep,4,9,9/12/2024,57:25.6
1450,10,card,27.92,Americano with Milk,Morning,Thu,Sep,4,9,9/12/2024,58:19.8
1451,11,card,27.92,Americano with Milk,Morning,Thu,Sep,4,9,9/12/2024,27:36.1
1452,12,card,32.82,Cappuccino,Afternoon,Thu,Sep,4,9,9/12/2024,08:22.2
1453,12,card,23.02,Cortado,Afternoon,Thu,Sep,4,9,9/12/2024,31:07.0
1454,12,card,23.02,Cortado,Afternoon,Thu,Sep,4,9,9/12/2024,32:23.0
1455,12,card,23.02,Cortado,Afternoon,Thu,Sep,4,9,9/12/2024,37:20.4
1456,12,card,23.02,Cortado,Afternoon,Thu,Sep,4,9,9/12/2024,38:09.7
1457,17,card,32.82,Latte,Night,Thu,Sep,4,9,9/12/2024,01:25.2
1458,21,card,23.02,Americano,Night,Thu,Sep,4,9,9/12/2024,09:10.4
1459,21,card,32.82,Cappuccino,Night,Thu,Sep,4,9,9/12/2024,10:21.2
1460,21,card,23.02,Cortado,Night,Thu,Sep,4,9,9/12/2024,13:16.8
1461,7,card,32.82,Latte,Morning,Fri,Sep,5,9,9/13/2024,56:53.8
1462,8,card,32.82,Latte,Morning,Fri,Sep,5,9,9/13/2024,41:03.0
1463,8,card,32.82,Latte,Morning,Fri,Sep,5,9,9/13/2024,54:15.8
1464,9,card,32.82,Latte,Morning,Fri,Sep,5,9,9/13/2024,51:19.4
1465,15,card,27.92,Americano with Milk,Afternoon,Fri,Sep,5,9,9/13/2024,38:18.9
1466,15,card,27.92,Americano with Milk,Afternoon,Fri,Sep,5,9,9/13/2024,50:53.9
1467,16,card,32.82,Cappuccino,Afternoon,Sat,Sep,6,9,9/14/2024,29:19.4
1468,16,card,32.82,Cappuccino,Afternoon,Sat,Sep,6,9,9/14/2024,30:16.9
1469,8,card,18.12,Espresso,Morning,Sun,Sep,7,9,9/15/2024,42:40.9
1470,9,card,27.92,Americano with Milk,Morning,Sun,Sep,7,9,9/15/2024,49:38.7
1471,13,card,23.02,Americano,Afternoon,Sun,Sep,7,9,9/15/2024,49:37.4
1472,14,card,23.02,Cortado,Afternoon,Sun,Sep,7,9,9/15/2024,36:19.3
1473,14,card,23.02,Cortado,Afternoon,Sun,Sep,7,9,9/15/2024,37:20.6
1474,14,card,32.82,Cappuccino,Afternoon,Sun,Sep,7,9,9/15/2024,53:18.7
1475,13,card,32.82,Latte,Afternoon,Mon,Sep,1,9,9/16/2024,32:22.9
1476,13,card,27.92,Americano with Milk,Afternoon,Mon,Sep,1,9,9/16/2024,33:36.8
1477,15,card,32.82,Latte,Afternoon,Mon,Sep,1,9,9/16/2024,23:19.3
1478,17,card,27.92,Americano with Milk,Night,Mon,Sep,1,9,9/16/2024,16:05.7
1479,17,card,32.82,Latte,Night,Mon,Sep,1,9,9/16/2024,18:03.3
1480,18,card,32.82,Latte,Night,Mon,Sep,1,9,9/16/2024,54:45.4
1481,18,card,32.82,Latte,Night,Mon,Sep,1,9,9/16/2024,56:05.3
1482,21,card,27.92,Americano with Milk,Night,Mon,Sep,1,9,9/16/2024,10:18.7
1483,21,card,32.82,Latte,Night,Mon,Sep,1,9,9/16/2024,11:32.5
1484,21,card,27.92,Americano with Milk,Night,Mon,Sep,1,9,9/16/2024,37:47.3
1485,21,card,27.92,Americano with Milk,Night,Mon,Sep,1,9,9/16/2024,38:48.7
1486,7,card,23.02,Cortado,Morning,Tue,Sep,2,9,9/17/2024,54:57.9
1487,8,card,32.82,Latte,Morning,Tue,Sep,2,9,9/17/2024,09:00.9
1488,8,card,27.92,Americano with Milk,Morning,Tue,Sep,2,9,9/17/2024,37:37.6
1489,8,card,23.02,Cortado,Morning,Tue,Sep,2,9,9/17/2024,42:31.5
1490,9,card,32.82,Cappuccino,Morning,Tue,Sep,2,9,9/17/2024,10:03.8
1491,9,card,27.92,Americano with Milk,Morning,Tue,Sep,2,9,9/17/2024,11:08.2
1492,9,card,27.92,Americano with Milk,Morning,Tue,Sep,2,9,9/17/2024,34:56.8
1493,12,card,18.12,Espresso,Afternoon,Tue,Sep,2,9,9/17/2024,38:33.8
1494,12,card,27.92,Americano with Milk,Afternoon,Tue,Sep,2,9,9/17/2024,39:33.7
1495,12,card,32.82,Latte,Afternoon,Tue,Sep,2,9,9/17/2024,44:15.2
1496,13,card,27.92,Americano with Milk,Afternoon,Tue,Sep,2,9,9/17/2024,54:23.0
1497,13,card,23.02,Cortado,Afternoon,Tue,Sep,2,9,9/17/2024,55:31.2
1498,16,card,32.82,Cappuccino,Afternoon,Tue,Sep,2,9,9/17/2024,29:37.2
1499,16,card,32.82,Latte,Afternoon,Tue,Sep,2,9,9/17/2024,31:00.7
1500,18,card,32.82,Hot Chocolate,Night,Tue,Sep,2,9,9/17/2024,54:23.8
1501,19,card,27.92,Americano with Milk,Night,Tue,Sep,2,9,9/17/2024,00:45.9
1502,19,card,27.92,Americano with Milk,Night,Tue,Sep,2,9,9/17/2024,03:53.3
1503,19,card,32.82,Latte,Night,Tue,Sep,2,9,9/17/2024,12:47.9
1504,19,card,27.92,Americano with Milk,Night,Tue,Sep,2,9,9/17/2024,13:59.7
1505,19,card,27.92,Americano with Milk,Night,Tue,Sep,2,9,9/17/2024,14:59.5
1506,19,card,27.92,Americano with Milk,Night,Tue,Sep,2,9,9/17/2024,31:57.4
1507,22,card,32.82,Hot Chocolate,Night,Tue,Sep,2,9,9/17/2024,19:36.0
1508,22,card,32.82,Hot Chocolate,Night,Tue,Sep,2,9,9/17/2024,20:19.5
1509,14,card,32.82,Latte,Afternoon,Wed,Sep,3,9,9/18/2024,29:48.9
1510,17,card,32.82,Latte,Night,Wed,Sep,3,9,9/18/2024,34:19.7
1511,21,card,27.92,Americano with Milk,Night,Wed,Sep,3,9,9/18/2024,15:38.8
1512,21,card,27.92,Americano with Milk,Night,Wed,Sep,3,9,9/18/2024,18:21.6
1513,8,card,27.92,Americano with Milk,Morning,Thu,Sep,4,9,9/19/2024,17:18.7
1514,8,card,23.02,Cortado,Morning,Thu,Sep,4,9,9/19/2024,30:29.0
1515,10,card,32.82,Latte,Morning,Thu,Sep,4,9,9/19/2024,01:30.6
1516,12,card,23.02,Americano,Afternoon,Thu,Sep,4,9,9/19/2024,59:33.6
1517,13,card,27.92,Americano with Milk,Afternoon,Thu,Sep,4,9,9/19/2024,00:33.6
1518,13,card,23.02,Cortado,Afternoon,Thu,Sep,4,9,9/19/2024,45:42.4
1519,8,card,27.92,Americano with Milk,Morning,Fri,Sep,5,9,9/20/2024,34:56.9
1520,9,card,27.92,Americano with Milk,Morning,Fri,Sep,5,9,9/20/2024,46:15.4
1521,13,card,27.92,Americano with Milk,Afternoon,Fri,Sep,5,9,9/20/2024,39:55.5
1522,16,card,32.82,Latte,Afternoon,Fri,Sep,5,9,9/20/2024,03:29.6
1523,20,card,23.02,Americano,Night,Fri,Sep,5,9,9/20/2024,39:23.1
1524,21,card,27.92,Americano with Milk,Night,Fri,Sep,5,9,9/20/2024,31:36.6
1525,21,card,27.92,Americano with Milk,Night,Fri,Sep,5,9,9/20/2024,32:43.0
1526,11,card,32.82,Latte,Morning,Sat,Sep,6,9,9/21/2024,01:14.9
1527,11,card,32.82,Cocoa,Morning,Sat,Sep,6,9,9/21/2024,02:13.8
1528,11,card,23.02,Cortado,Morning,Sat,Sep,6,9,9/21/2024,37:47.2
1529,11,card,23.02,Cortado,Morning,Sat,Sep,6,9,9/21/2024,38:45.0
1530,15,card,32.82,Cappuccino,Afternoon,Sat,Sep,6,9,9/21/2024,10:09.4
1531,15,card,32.82,Latte,Afternoon,Sat,Sep,6,9,9/21/2024,36:13.6
1532,18,card,32.82,Latte,Night,Sat,Sep,6,9,9/21/2024,16:28.7
1533,18,card,32.82,Latte,Night,Sat,Sep,6,9,9/21/2024,17:30.7
1534,20,card,23.02,Americano,Night,Sat,Sep,6,9,9/21/2024,29:42.9
1535,20,card,23.02,Americano,Night,Sat,Sep,6,9,9/21/2024,30:38.9
1536,20,card,32.82,Latte,Night,Sat,Sep,6,9,9/21/2024,33:58.2
1537,20,card,32.82,Latte,Night,Sat,Sep,6,9,9/21/2024,35:30.2
1538,22,card,27.92,Americano with Milk,Night,Sat,Sep,6,9,9/21/2024,18:46.1
1539,22,card,23.02,Americano,Night,Sat,Sep,6,9,9/21/2024,19:50.1
1540,22,card,23.02,Americano,Night,Sat,Sep,6,9,9/21/2024,20:48.4
1541,8,card,23.02,Americano,Morning,Sun,Sep,7,9,9/22/2024,32:54.2
1542,10,card,27.92,Americano with Milk,Morning,Sun,Sep,7,9,9/22/2024,12:09.8
1543,10,card,32.82,Latte,Morning,Sun,Sep,7,9,9/22/2024,13:08.6
1544,11,card,23.02,Cortado,Morning,Sun,Sep,7,9,9/22/2024,06:26.3
1545,11,card,23.02,Cortado,Morning,Sun,Sep,7,9,9/22/2024,07:36.4
1546,11,card,27.92,Americano with Milk,Morning,Sun,Sep,7,9,9/22/2024,51:59.9
1547,11,card,23.02,Americano,Morning,Sun,Sep,7,9,9/22/2024,55:12.9
1548,12,card,27.92,Americano with Milk,Afternoon,Sun,Sep,7,9,9/22/2024,07:20.8
1549,13,card,27.92,Americano with Milk,Afternoon,Sun,Sep,7,9,9/22/2024,28:14.7
1550,13,card,27.92,Americano with Milk,Afternoon,Sun,Sep,7,9,9/22/2024,29:35.9
1551,13,card,27.92,Americano with Milk,Afternoon,Sun,Sep,7,9,9/22/2024,33:34.6
1552,15,card,32.82,Latte,Afternoon,Sun,Sep,7,9,9/22/2024,34:10.1
1553,15,card,27.92,Americano with Milk,Afternoon,Sun,Sep,7,9,9/22/2024,35:24.2
1554,16,card,32.82,Cocoa,Afternoon,Sun,Sep,7,9,9/22/2024,25:03.5
1555,20,card,32.82,Latte,Night,Sun,Sep,7,9,9/22/2024,19:10.1
1556,20,card,32.82,Cappuccino,Night,Sun,Sep,7,9,9/22/2024,20:35.6
1557,20,card,27.92,Americano with Milk,Night,Sun,Sep,7,9,9/22/2024,46:26.2
1558,20,card,27.92,Americano with Milk,Night,Sun,Sep,7,9,9/22/2024,47:35.1
1559,21,card,27.92,Americano with Milk,Night,Sun,Sep,7,9,9/22/2024,07:04.8
1560,21,card,27.92,Americano with Milk,Night,Sun,Sep,7,9,9/22/2024,08:14.8
1561,21,card,32.82,Hot Chocolate,Night,Sun,Sep,7,9,9/22/2024,54:04.1
1562,21,card,32.82,Hot Chocolate,Night,Sun,Sep,7,9,9/22/2024,54:54.5
1563,22,card,23.02,Americano,Night,Sun,Sep,7,9,9/22/2024,37:02.4
1564,22,card,27.92,Americano with Milk,Night,Sun,Sep,7,9,9/22/2024,37:58.4
1565,9,card,27.92,Americano with Milk,Morning,Mon,Sep,1,9,9/23/2024,03:37.0
1566,10,card,23.02,Cortado,Morning,Mon,Sep,1,9,9/23/2024,04:17.3
1567,12,card,23.02,Americano,Afternoon,Mon,Sep,1,9,9/23/2024,11:04.4
1568,14,card,27.92,Americano with Milk,Afternoon,Mon,Sep,1,9,9/23/2024,08:51.9
1569,17,card,32.82,Cappuccino,Night,Mon,Sep,1,9,9/23/2024,27:47.6
1570,18,card,23.02,Americano,Night,Mon,Sep,1,9,9/23/2024,48:30.4
1571,19,card,32.82,Latte,Night,Mon,Sep,1,9,9/23/2024,47:21.9
1572,20,card,32.82,Cappuccino,Night,Mon,Sep,1,9,9/23/2024,09:45.9
1573,22,card,27.92,Americano with Milk,Night,Mon,Sep,1,9,9/23/2024,13:30.5
1574,22,card,27.92,Americano with Milk,Night,Mon,Sep,1,9,9/23/2024,15:15.0
1575,8,card,27.92,Americano with Milk,Morning,Tue,Sep,2,9,9/24/2024,33:32.6
1576,12,card,32.82,Latte,Afternoon,Tue,Sep,2,9,9/24/2024,23:57.0
1577,12,card,32.82,Latte,Afternoon,Tue,Sep,2,9,9/24/2024,24:54.8
1578,12,card,32.82,Latte,Afternoon,Tue,Sep,2,9,9/24/2024,46:44.4
1579,12,card,32.82,Latte,Afternoon,Tue,Sep,2,9,9/24/2024,47:49.4
1580,14,card,32.82,Latte,Afternoon,Tue,Sep,2,9,9/24/2024,11:39.3
1581,14,card,23.02,Cortado,Afternoon,Tue,Sep,2,9,9/24/2024,31:28.7
1582,15,card,32.82,Cappuccino,Afternoon,Tue,Sep,2,9,9/24/2024,37:23.7
1583,16,card,32.82,Latte,Afternoon,Tue,Sep,2,9,9/24/2024,38:48.3
1584,18,card,23.02,Americano,Night,Tue,Sep,2,9,9/24/2024,43:02.9
1585,18,card,23.02,Americano,Night,Tue,Sep,2,9,9/24/2024,43:54.1
1586,20,card,32.82,Hot Chocolate,Night,Tue,Sep,2,9,9/24/2024,15:50.4
1587,21,card,32.82,Latte,Night,Tue,Sep,2,9,9/24/2024,05:14.2
1588,21,card,27.92,Americano with Milk,Night,Tue,Sep,2,9,9/24/2024,06:32.4
1589,21,card,27.92,Americano with Milk,Night,Tue,Sep,2,9,9/24/2024,07:35.0
1590,7,card,32.82,Cappuccino,Morning,Wed,Sep,3,9,9/25/2024,51:21.1
1591,11,card,23.02,Cortado,Morning,Wed,Sep,3,9,9/25/2024,35:32.5
1592,11,card,27.92,Americano with Milk,Morning,Wed,Sep,3,9,9/25/2024,51:15.2
1593,11,card,32.82,Latte,Morning,Wed,Sep,3,9,9/25/2024,52:53.4
1594,13,card,27.92,Americano with Milk,Afternoon,Wed,Sep,3,9,9/25/2024,54:51.5
1595,13,card,27.92,Americano with Milk,Afternoon,Wed,Sep,3,9,9/25/2024,55:59.3
1596,17,card,27.92,Americano with Milk,Night,Wed,Sep,3,9,9/25/2024,36:37.2
1597,17,card,27.92,Americano with Milk,Night,Wed,Sep,3,9,9/25/2024,37:31.8
1598,21,card,23.02,Americano,Night,Wed,Sep,3,9,9/25/2024,34:41.3
1599,22,card,27.92,Americano with Milk,Night,Wed,Sep,3,9,9/25/2024,18:51.8
1600,8,card,32.82,Latte,Morning,Thu,Sep,4,9,9/26/2024,43:35.0
1601,10,card,27.92,Americano with Milk,Morning,Thu,Sep,4,9,9/26/2024,37:06.5
1602,10,card,18.12,Espresso,Morning,Thu,Sep,4,9,9/26/2024,55:52.4
1603,11,card,32.82,Cappuccino,Morning,Thu,Sep,4,9,9/26/2024,34:48.6
1604,12,card,32.82,Latte,Afternoon,Thu,Sep,4,9,9/26/2024,48:01.4
1605,18,card,32.82,Latte,Night,Thu,Sep,4,9,9/26/2024,21:55.7
1606,22,card,32.82,Latte,Night,Thu,Sep,4,9,9/26/2024,45:15.1
1607,22,card,23.02,Cortado,Night,Thu,Sep,4,9,9/26/2024,46:17.6
1608,22,card,27.92,Americano with Milk,Night,Thu,Sep,4,9,9/26/2024,47:24.9
1609,9,card,27.92,Americano with Milk,Morning,Fri,Sep,5,9,9/27/2024,29:45.6
1610,9,card,23.02,Cortado,Morning,Fri,Sep,5,9,9/27/2024,33:44.0
1611,9,card,32.82,Cappuccino,Morning,Fri,Sep,5,9,9/27/2024,41:04.7
1612,10,card,27.92,Americano with Milk,Morning,Fri,Sep,5,9,9/27/2024,46:56.6
1613,11,card,27.92,Americano with Milk,Morning,Fri,Sep,5,9,9/27/2024,35:00.3
1614,13,card,32.82,Cappuccino,Afternoon,Fri,Sep,5,9,9/27/2024,20:31.1
1615,13,card,32.82,Cappuccino,Afternoon,Fri,Sep,5,9,9/27/2024,25:05.3
1616,13,card,23.02,Americano,Afternoon,Fri,Sep,5,9,9/27/2024,28:33.1
1617,13,card,27.92,Americano with Milk,Afternoon,Fri,Sep,5,9,9/27/2024,33:52.5
1618,18,card,32.82,Latte,Night,Fri,Sep,5,9,9/27/2024,07:43.7
1619,18,card,32.82,Latte,Night,Fri,Sep,5,9,9/27/2024,08:58.2
1620,18,card,32.82,Cappuccino,Night,Fri,Sep,5,9,9/27/2024,37:45.9
1621,18,card,32.82,Cappuccino,Night,Fri,Sep,5,9,9/27/2024,40:53.8
1622,20,card,32.82,Cappuccino,Night,Fri,Sep,5,9,9/27/2024,18:13.3
1623,20,card,32.82,Cappuccino,Night,Fri,Sep,5,9,9/27/2024,19:14.3
1624,20,card,27.92,Americano with Milk,Night,Fri,Sep,5,9,9/27/2024,58:15.0
1625,8,card,27.92,Americano with Milk,Morning,Sat,Sep,6,9,9/28/2024,06:45.5
1626,9,card,27.92,Americano with Milk,Morning,Sat,Sep,6,9,9/28/2024,31:14.8
1627,14,card,35.76,Latte,Afternoon,Sat,Sep,6,9,9/28/2024,25:47.3
1628,16,card,35.76,Latte,Afternoon,Sat,Sep,6,9,9/28/2024,57:20.1
1629,17,card,30.86,Americano with Milk,Night,Sat,Sep,6,9,9/28/2024,26:16.7
1630,20,card,35.76,Latte,Night,Sat,Sep,6,9,9/28/2024,34:31.1
1631,20,card,35.76,Latte,Night,Sat,Sep,6,9,9/28/2024,38:36.5
1632,22,card,35.76,Cappuccino,Night,Sat,Sep,6,9,9/28/2024,16:36.8
1633,22,card,35.76,Cocoa,Night,Sat,Sep,6,9,9/28/2024,17:29.6
1634,22,card,25.96,Cortado,Night,Sat,Sep,6,9,9/28/2024,18:16.1
1635,22,card,35.76,Hot Chocolate,Night,Sat,Sep,6,9,9/28/2024,19:13.0
1636,10,card,25.96,Americano,Morning,Sun,Sep,7,9,9/29/2024,48:45.0
1637,10,card,35.76,Cappuccino,Morning,Sun,Sep,7,9,9/29/2024,50:05.3
1638,10,card,35.76,Cappuccino,Morning,Sun,Sep,7,9,9/29/2024,51:03.3
1639,10,card,35.76,Cappuccino,Morning,Sun,Sep,7,9,9/29/2024,52:23.0
1640,10,card,30.86,Americano with Milk,Morning,Sun,Sep,7,9,9/29/2024,53:42.3
1641,12,card,35.76,Latte,Afternoon,Sun,Sep,7,9,9/29/2024,35:43.4
1642,12,card,25.96,Cortado,Afternoon,Sun,Sep,7,9,9/29/2024,50:58.4
1643,12,card,35.76,Latte,Afternoon,Sun,Sep,7,9,9/29/2024,54:15.4
1644,12,card,35.76,Latte,Afternoon,Sun,Sep,7,9,9/29/2024,55:21.6
1645,18,card,35.76,Cappuccino,Night,Sun,Sep,7,9,9/29/2024,02:27.3
1646,22,card,35.76,Latte,Night,Sun,Sep,7,9,9/29/2024,31:02.8
1647,8,card,25.96,Cortado,Morning,Mon,Sep,1,9,9/30/2024,08:47.5
1648,8,card,25.96,Cortado,Morning,Mon,Sep,1,9,9/30/2024,58:54.7
1649,9,card,35.76,Hot Chocolate,Morning,Mon,Sep,1,9,9/30/2024,00:04.9
1650,10,card,30.86,Americano with Milk,Morning,Mon,Sep,1,9,9/30/2024,01:09.2
1651,10,card,25.96,Cortado,Morning,Mon,Sep,1,9,9/30/2024,05:18.4
1652,11,card,30.86,Americano with Milk,Morning,Mon,Sep,1,9,9/30/2024,32:54.6
1653,16,card,30.86,Americano with Milk,Afternoon,Mon,Sep,1,9,9/30/2024,45:44.5
1654,19,card,35.76,Latte,Night,Mon,Sep,1,9,9/30/2024,32:18.2
1655,19,card,30.86,Americano with Milk,Night,Mon,Sep,1,9,9/30/2024,53:14.1
1656,19,card,25.96,Cortado,Night,Mon,Sep,1,9,9/30/2024,54:17.6
1657,19,card,35.76,Latte,Night,Mon,Sep,1,9,9/30/2024,59:19.0
1658,20,card,30.86,Americano with Milk,Night,Mon,Sep,1,9,9/30/2024,00:42.1
1659,20,card,30.86,Americano with Milk,Night,Mon,Sep,1,9,9/30/2024,01:42.2
1660,21,card,30.86,Americano with Milk,Night,Mon,Sep,1,9,9/30/2024,41:07.5
1661,7,card,35.76,Latte,Morning,Tue,Oct,2,10,10/1/2024,47:08.4
1662,9,card,30.86,Americano with Milk,Morning,Tue,Oct,2,10,10/1/2024,48:30.8
1663,10,card,30.86,Americano with Milk,Morning,Tue,Oct,2,10,10/1/2024,02:26.8
1664,10,card,30.86,Americano with Milk,Morning,Tue,Oct,2,10,10/1/2024,03:47.1
1665,11,card,30.86,Americano with Milk,Morning,Tue,Oct,2,10,10/1/2024,55:31.9
1666,12,card,30.86,Americano with Milk,Afternoon,Tue,Oct,2,10,10/1/2024,12:48.4
1667,12,card,30.86,Americano with Milk,Afternoon,Tue,Oct,2,10,10/1/2024,14:23.4
1668,14,card,25.96,Americano,Afternoon,Tue,Oct,2,10,10/1/2024,17:35.0
1669,14,card,30.86,Americano with Milk,Afternoon,Tue,Oct,2,10,10/1/2024,18:52.6
1670,16,card,35.76,Hot Chocolate,Afternoon,Tue,Oct,2,10,10/1/2024,08:39.0
1671,16,card,25.96,Americano,Afternoon,Tue,Oct,2,10,10/1/2024,41:54.5
1672,18,card,35.76,Latte,Night,Tue,Oct,2,10,10/1/2024,08:26.5
1673,18,card,35.76,Latte,Night,Tue,Oct,2,10,10/1/2024,23:11.5
1674,18,card,35.76,Hot Chocolate,Night,Tue,Oct,2,10,10/1/2024,24:14.3
1675,20,card,35.76,Hot Chocolate,Night,Tue,Oct,2,10,10/1/2024,03:22.1
1676,7,card,35.76,Latte,Morning,Wed,Oct,3,10,10/2/2024,57:18.8
1677,8,card,25.96,Cortado,Morning,Wed,Oct,3,10,10/2/2024,42:44.6
1678,9,card,30.86,Americano with Milk,Morning,Wed,Oct,3,10,10/2/2024,19:17.1
1679,10,card,35.76,Latte,Morning,Wed,Oct,3,10,10/2/2024,22:01.5
1680,10,card,30.86,Americano with Milk,Morning,Wed,Oct,3,10,10/2/2024,23:55.3
1681,11,card,35.76,Cappuccino,Morning,Wed,Oct,3,10,10/2/2024,28:53.9
1682,15,card,35.76,Cappuccino,Afternoon,Wed,Oct,3,10,10/2/2024,13:42.1
1683,18,card,35.76,Hot Chocolate,Night,Wed,Oct,3,10,10/2/2024,31:07.2
1684,22,card,35.76,Hot Chocolate,Night,Wed,Oct,3,10,10/2/2024,18:55.4
1685,22,card,35.76,Hot Chocolate,Night,Wed,Oct,3,10,10/2/2024,19:40.7
1686,22,card,35.76,Hot Chocolate,Night,Wed,Oct,3,10,10/2/2024,20:23.7
1687,13,card,35.76,Cocoa,Afternoon,Thu,Oct,4,10,10/3/2024,47:35.9
1688,15,card,30.86,Americano with Milk,Afternoon,Thu,Oct,4,10,10/3/2024,12:05.2
1689,20,card,25.96,Cortado,Night,Thu,Oct,4,10,10/3/2024,12:57.8
1690,20,card,35.76,Hot Chocolate,Night,Thu,Oct,4,10,10/3/2024,14:04.8
1691,21,card,35.76,Hot Chocolate,Night,Thu,Oct,4,10,10/3/2024,21:06.3
1692,21,card,35.76,Hot Chocolate,Night,Thu,Oct,4,10,10/3/2024,21:46.8
1693,21,card,35.76,Cappuccino,Night,Thu,Oct,4,10,10/3/2024,29:03.4
1694,21,card,35.76,Hot Chocolate,Night,Thu,Oct,4,10,10/3/2024,31:00.5
1695,8,card,25.96,Americano,Morning,Fri,Oct,5,10,10/4/2024,44:00.9
1696,8,card,25.96,Americano,Morning,Fri,Oct,5,10,10/4/2024,45:39.0
1697,9,card,30.86,Americano with Milk,Morning,Fri,Oct,5,10,10/4/2024,30:22.0
1698,9,card,25.96,Americano,Morning,Fri,Oct,5,10,10/4/2024,31:27.1
1699,9,card,25.96,Cortado,Morning,Fri,Oct,5,10,10/4/2024,53:58.6
1700,9,card,25.96,Cortado,Morning,Fri,Oct,5,10,10/4/2024,55:04.6
1701,17,card,35.76,Latte,Night,Fri,Oct,5,10,10/4/2024,35:14.8
1702,17,card,35.76,Hot Chocolate,Night,Fri,Oct,5,10,10/4/2024,42:22.2
1703,17,card,35.76,Cocoa,Night,Fri,Oct,5,10,10/4/2024,44:36.4
1704,9,card,25.96,Cortado,Morning,Sat,Oct,6,10,10/5/2024,00:46.9
1705,9,card,25.96,Cortado,Morning,Sat,Oct,6,10,10/5/2024,01:42.7
1706,9,card,35.76,Cocoa,Morning,Sat,Oct,6,10,10/5/2024,35:44.9
1707,13,card,35.76,Cappuccino,Afternoon,Sat,Oct,6,10,10/5/2024,12:13.3
1708,20,card,25.96,Americano,Night,Sat,Oct,6,10,10/5/2024,08:38.1
1709,20,card,25.96,Americano,Night,Sat,Oct,6,10,10/5/2024,09:33.6
1710,8,card,25.96,Cortado,Morning,Sun,Oct,7,10,10/6/2024,22:56.7
1711,10,card,35.76,Cappuccino,Morning,Sun,Oct,7,10,10/6/2024,05:43.6
1712,10,card,25.96,Cortado,Morning,Sun,Oct,7,10,10/6/2024,06:47.1
1713,11,card,35.76,Latte,Morning,Sun,Oct,7,10,10/6/2024,55:28.8
1714,12,card,35.76,Latte,Afternoon,Sun,Oct,7,10,10/6/2024,09:03.9
1715,12,card,35.76,Cappuccino,Afternoon,Sun,Oct,7,10,10/6/2024,10:17.3
1716,12,card,30.86,Americano with Milk,Afternoon,Sun,Oct,7,10,10/6/2024,11:43.4
1717,13,card,25.96,Americano,Afternoon,Sun,Oct,7,10,10/6/2024,46:03.7
1718,13,card,35.76,Cappuccino,Afternoon,Sun,Oct,7,10,10/6/2024,47:02.0
1719,13,card,30.86,Americano with Milk,Afternoon,Sun,Oct,7,10,10/6/2024,50:00.1
1720,13,card,35.76,Latte,Afternoon,Sun,Oct,7,10,10/6/2024,51:04.3
1721,13,card,35.76,Cappuccino,Afternoon,Sun,Oct,7,10,10/6/2024,51:56.3
1722,16,card,35.76,Cappuccino,Afternoon,Sun,Oct,7,10,10/6/2024,31:33.6
1723,16,card,21.06,Espresso,Afternoon,Sun,Oct,7,10,10/6/2024,35:45.6
1724,18,card,30.86,Americano with Milk,Night,Sun,Oct,7,10,10/6/2024,17:45.0
1725,18,card,35.76,Hot Chocolate,Night,Sun,Oct,7,10,10/6/2024,35:16.5
1726,21,card,35.76,Hot Chocolate,Night,Sun,Oct,7,10,10/6/2024,09:12.9
1727,21,card,35.76,Hot Chocolate,Night,Sun,Oct,7,10,10/6/2024,10:00.5
1728,21,card,35.76,Hot Chocolate,Night,Sun,Oct,7,10,10/6/2024,10:45.3
1729,21,card,35.76,Latte,Night,Sun,Oct,7,10,10/6/2024,16:48.9
1730,8,card,35.76,Latte,Morning,Mon,Oct,1,10,10/7/2024,33:36.4
1731,8,card,35.76,Latte,Morning,Mon,Oct,1,10,10/7/2024,49:36.5
1732,8,card,30.86,Americano with Milk,Morning,Mon,Oct,1,10,10/7/2024,50:41.7
1733,9,card,35.76,Cocoa,Morning,Mon,Oct,1,10,10/7/2024,05:28.1
1734,9,card,35.76,Latte,Morning,Mon,Oct,1,10,10/7/2024,09:58.3
1735,12,card,30.86,Americano with Milk,Afternoon,Mon,Oct,1,10,10/7/2024,17:56.7
1736,14,card,25.96,Americano,Afternoon,Mon,Oct,1,10,10/7/2024,31:45.3
1737,14,card,25.96,Americano,Afternoon,Mon,Oct,1,10,10/7/2024,32:38.8
1738,17,card,35.76,Latte,Night,Mon,Oct,1,10,10/7/2024,48:55.0
1739,21,card,35.76,Hot Chocolate,Night,Mon,Oct,1,10,10/7/2024,14:42.1
1740,21,card,35.76,Hot Chocolate,Night,Mon,Oct,1,10,10/7/2024,15:20.1
1741,21,card,35.76,Latte,Night,Mon,Oct,1,10,10/7/2024,40:48.5
1742,8,card,35.76,Latte,Morning,Tue,Oct,2,10,10/8/2024,11:50.9
1743,9,card,30.86,Americano with Milk,Morning,Tue,Oct,2,10,10/8/2024,05:14.0
1744,10,card,25.96,Americano,Morning,Tue,Oct,2,10,10/8/2024,22:31.4
1745,10,card,35.76,Latte,Morning,Tue,Oct,2,10,10/8/2024,27:08.8
1746,11,card,35.76,Latte,Morning,Tue,Oct,2,10,10/8/2024,30:10.3
1747,12,card,25.96,Americano,Afternoon,Tue,Oct,2,10,10/8/2024,48:04.5
1748,12,card,25.96,Americano,Afternoon,Tue,Oct,2,10,10/8/2024,49:04.6
1749,13,card,35.76,Latte,Afternoon,Tue,Oct,2,10,10/8/2024,04:00.9
1750,13,card,35.76,Latte,Afternoon,Tue,Oct,2,10,10/8/2024,04:59.4
1751,14,card,35.76,Latte,Afternoon,Tue,Oct,2,10,10/8/2024,42:52.4
1752,15,card,35.76,Latte,Afternoon,Tue,Oct,2,10,10/8/2024,13:41.2
1753,15,card,25.96,Americano,Afternoon,Tue,Oct,2,10,10/8/2024,19:52.1
1754,15,card,30.86,Americano with Milk,Afternoon,Tue,Oct,2,10,10/8/2024,50:43.1
1755,20,card,35.76,Hot Chocolate,Night,Tue,Oct,2,10,10/8/2024,40:40.5
1756,20,card,35.76,Cappuccino,Night,Tue,Oct,2,10,10/8/2024,41:33.5
1757,20,card,35.76,Latte,Night,Tue,Oct,2,10,10/8/2024,51:08.7
1758,21,card,30.86,Americano with Milk,Night,Tue,Oct,2,10,10/8/2024,24:32.0
1759,21,card,30.86,Americano with Milk,Night,Tue,Oct,2,10,10/8/2024,21:25:32
1760,7,card,35.76,Latte,Morning,Wed,Oct,3,10,10/9/2024,54:42.6
1761,8,card,30.86,Americano with Milk,Morning,Wed,Oct,3,10,10/9/2024,25:57.5
1762,9,card,30.86,Americano with Milk,Morning,Wed,Oct,3,10,10/9/2024,43:21.0
1763,9,card,35.76,Latte,Morning,Wed,Oct,3,10,10/9/2024,59:40.0
1764,10,card,21.06,Espresso,Morning,Wed,Oct,3,10,10/9/2024,37:56.9
1765,11,card,25.96,Americano,Morning,Wed,Oct,3,10,10/9/2024,18:02.1
1766,13,card,35.76,Latte,Afternoon,Wed,Oct,3,10,10/9/2024,03:08.5
1767,13,card,30.86,Americano with Milk,Afternoon,Wed,Oct,3,10,10/9/2024,52:34.7
1768,17,card,35.76,Cappuccino,Night,Wed,Oct,3,10,10/9/2024,26:44.4
1769,17,card,25.96,Americano,Night,Wed,Oct,3,10,10/9/2024,27:48.9
1770,17,card,21.06,Espresso,Night,Wed,Oct,3,10,10/9/2024,49:59.6
1771,20,card,35.76,Cappuccino,Night,Wed,Oct,3,10,10/9/2024,49:12.5
1772,8,card,25.96,Americano,Morning,Thu,Oct,4,10,10/10/2024,48:06.9
1773,9,card,30.86,Americano with Milk,Morning,Thu,Oct,4,10,10/10/2024,23:20.1
1774,9,card,35.76,Hot Chocolate,Morning,Thu,Oct,4,10,10/10/2024,51:44.2
1775,10,card,35.76,Latte,Morning,Thu,Oct,4,10,10/10/2024,05:09.5
1776,10,card,25.96,Cortado,Morning,Thu,Oct,4,10,10/10/2024,42:43.0
1777,10,card,25.96,Cortado,Morning,Thu,Oct,4,10,10/10/2024,43:30.0
1778,10,card,35.76,Latte,Morning,Thu,Oct,4,10,10/10/2024,55:32.6
1779,11,card,35.76,Latte,Morning,Thu,Oct,4,10,10/10/2024,04:19.3
1780,15,card,35.76,Cappuccino,Afternoon,Thu,Oct,4,10,10/10/2024,05:42.9
1781,17,card,35.76,Latte,Night,Thu,Oct,4,10,10/10/2024,40:44.4
1782,18,card,25.96,Americano,Night,Thu,Oct,4,10,10/10/2024,18:32.7
1783,18,card,30.86,Americano with Milk,Night,Thu,Oct,4,10,10/10/2024,56:30.7
1784,18,card,35.76,Latte,Night,Thu,Oct,4,10,10/10/2024,57:35.2
1785,22,card,35.76,Hot Chocolate,Night,Thu,Oct,4,10,10/10/2024,33:17.0
1786,22,card,35.76,Hot Chocolate,Night,Thu,Oct,4,10,10/10/2024,33:59.7
1787,7,card,30.86,Americano with Milk,Morning,Fri,Oct,5,10,10/11/2024,54:51.6
1788,8,card,35.76,Latte,Morning,Fri,Oct,5,10,10/11/2024,00:50.9
1789,8,card,25.96,Cortado,Morning,Fri,Oct,5,10,10/11/2024,12:20.3
1790,8,card,35.76,Latte,Morning,Fri,Oct,5,10,10/11/2024,28:18.9
1791,8,card,35.76,Cocoa,Morning,Fri,Oct,5,10,10/11/2024,29:22.4
1792,8,card,35.76,Cocoa,Morning,Fri,Oct,5,10,10/11/2024,55:43.8
1793,8,card,30.86,Americano with Milk,Morning,Fri,Oct,5,10,10/11/2024,56:58.8
1794,8,card,35.76,Hot Chocolate,Morning,Fri,Oct,5,10,10/11/2024,58:09.1
1795,9,card,30.86,Americano with Milk,Morning,Fri,Oct,5,10,10/11/2024,31:42.3
1796,9,card,25.96,Cortado,Morning,Fri,Oct,5,10,10/11/2024,38:46.9
1797,10,card,25.96,Americano,Morning,Fri,Oct,5,10,10/11/2024,00:40.4
1798,10,card,25.96,Americano,Morning,Fri,Oct,5,10,10/11/2024,01:54.9
1799,10,card,30.86,Americano with Milk,Morning,Fri,Oct,5,10,10/11/2024,30:36.0
1800,13,card,35.76,Latte,Afternoon,Fri,Oct,5,10,10/11/2024,05:01.4
1801,13,card,25.96,Americano,Afternoon,Fri,Oct,5,10,10/11/2024,29:02.5
1802,13,card,25.96,Americano,Afternoon,Fri,Oct,5,10,10/11/2024,30:09.0
1803,14,card,35.76,Cocoa,Afternoon,Fri,Oct,5,10,10/11/2024,33:40.5
1804,14,card,25.96,Americano,Afternoon,Fri,Oct,5,10,10/11/2024,35:29.3
1805,14,card,35.76,Cappuccino,Afternoon,Fri,Oct,5,10,10/11/2024,50:08.8
1806,17,card,35.76,Latte,Night,Fri,Oct,5,10,10/11/2024,12:07.3
1807,17,card,35.76,Hot Chocolate,Night,Fri,Oct,5,10,10/11/2024,13:21.6
1808,17,card,35.76,Hot Chocolate,Night,Fri,Oct,5,10,10/11/2024,26:11.2
1809,21,card,35.76,Latte,Night,Fri,Oct,5,10,10/11/2024,48:37.7
1810,21,card,30.86,Americano with Milk,Night,Fri,Oct,5,10,10/11/2024,53:53.6
1811,22,card,35.76,Hot Chocolate,Night,Fri,Oct,5,10,10/11/2024,36:27.6
1812,22,card,35.76,Hot Chocolate,Night,Fri,Oct,5,10,10/11/2024,37:26.7
1813,8,card,25.96,Cortado,Morning,Sat,Oct,6,10,10/12/2024,28:15.5
1814,10,card,25.96,Cortado,Morning,Sat,Oct,6,10,10/12/2024,31:38.9
1815,10,card,25.96,Cortado,Morning,Sat,Oct,6,10,10/12/2024,32:55.5
1816,11,card,35.76,Latte,Morning,Sat,Oct,6,10,10/12/2024,52:15.5
1817,11,card,30.86,Americano with Milk,Morning,Sat,Oct,6,10,10/12/2024,53:41.1
1818,13,card,35.76,Cappuccino,Afternoon,Sat,Oct,6,10,10/12/2024,18:47.1
1819,20,card,35.76,Latte,Night,Sat,Oct,6,10,10/12/2024,10:53.9
1820,9,card,25.96,Cortado,Morning,Sun,Oct,7,10,10/13/2024,54:55.2
1821,12,card,30.86,Americano with Milk,Afternoon,Sun,Oct,7,10,10/13/2024,20:46.6
1822,13,card,25.96,Cortado,Afternoon,Sun,Oct,7,10,10/13/2024,32:29.5
1823,13,card,21.06,Espresso,Afternoon,Sun,Oct,7,10,10/13/2024,33:29.4
1824,13,card,25.96,Cortado,Afternoon,Sun,Oct,7,10,10/13/2024,34:25.9
1825,17,card,35.76,Latte,Night,Sun,Oct,7,10,10/13/2024,53:20.7
1826,17,card,35.76,Latte,Night,Sun,Oct,7,10,10/13/2024,54:22.4
1827,18,card,35.76,Cappuccino,Night,Sun,Oct,7,10,10/13/2024,22:58.8
1828,20,card,35.76,Cappuccino,Night,Sun,Oct,7,10,10/13/2024,43:04.9
1829,8,card,30.86,Americano with Milk,Morning,Mon,Oct,1,10,10/14/2024,26:54.6
1830,9,card,35.76,Cocoa,Morning,Mon,Oct,1,10,10/14/2024,49:54.6
1831,10,card,25.96,Cortado,Morning,Mon,Oct,1,10,10/14/2024,27:51.1
1832,10,card,35.76,Latte,Morning,Mon,Oct,1,10,10/14/2024,38:06.8
1833,10,card,35.76,Latte,Morning,Mon,Oct,1,10,10/14/2024,39:13.7
1834,11,card,35.76,Cappuccino,Morning,Mon,Oct,1,10,10/14/2024,23:50.6
1835,11,card,25.96,Americano,Morning,Mon,Oct,1,10,10/14/2024,25:37.3
1836,11,card,25.96,Americano,Morning,Mon,Oct,1,10,10/14/2024,26:45.2
1837,14,card,35.76,Latte,Afternoon,Mon,Oct,1,10,10/14/2024,36:07.1
1838,14,card,35.76,Latte,Afternoon,Mon,Oct,1,10,10/14/2024,49:51.5
1839,16,card,25.96,Americano,Afternoon,Mon,Oct,1,10,10/14/2024,37:47.5
1840,18,card,35.76,Latte,Night,Mon,Oct,1,10,10/14/2024,19:19.2
1841,18,card,35.76,Cappuccino,Night,Mon,Oct,1,10,10/14/2024,20:20.6
1842,22,card,35.76,Latte,Night,Mon,Oct,1,10,10/14/2024,08:53.7
1843,22,card,35.76,Latte,Night,Mon,Oct,1,10,10/14/2024,10:23.7
1844,22,card,35.76,Latte,Night,Mon,Oct,1,10,10/14/2024,21:53.9
1845,8,card,25.96,Cortado,Morning,Tue,Oct,2,10,10/15/2024,14:28.7
1846,8,card,21.06,Espresso,Morning,Tue,Oct,2,10,10/15/2024,34:17.9
1847,11,card,35.76,Hot Chocolate,Morning,Tue,Oct,2,10,10/15/2024,13:22.0
1848,11,card,35.76,Latte,Morning,Tue,Oct,2,10,10/15/2024,15:20.6
1849,11,card,35.76,Hot Chocolate,Morning,Tue,Oct,2,10,10/15/2024,16:27.5
1850,13,card,35.76,Latte,Afternoon,Tue,Oct,2,10,10/15/2024,00:43.2
1851,13,card,30.86,Americano with Milk,Afternoon,Tue,Oct,2,10,10/15/2024,15:44.8
1852,15,card,35.76,Latte,Afternoon,Tue,Oct,2,10,10/15/2024,32:11.3
1853,15,card,25.96,Americano,Afternoon,Tue,Oct,2,10,10/15/2024,54:16.5
1854,15,card,21.06,Espresso,Afternoon,Tue,Oct,2,10,10/15/2024,55:19.0
1855,17,card,35.76,Hot Chocolate,Night,Tue,Oct,2,10,10/15/2024,04:11.3
1856,19,card,25.96,Americano,Night,Tue,Oct,2,10,10/15/2024,22:21.4
1857,19,card,35.76,Cocoa,Night,Tue,Oct,2,10,10/15/2024,23:17.4
1858,20,card,35.76,Latte,Night,Tue,Oct,2,10,10/15/2024,11:14.9
1859,20,card,35.76,Latte,Night,Tue,Oct,2,10,10/15/2024,12:28.6
1860,21,card,35.76,Hot Chocolate,Night,Tue,Oct,2,10,10/15/2024,18:08.4
1861,21,card,35.76,Hot Chocolate,Night,Tue,Oct,2,10,10/15/2024,35:19.9
1862,22,card,35.76,Latte,Night,Tue,Oct,2,10,10/15/2024,15:19.7
1863,8,card,30.86,Americano with Milk,Morning,Wed,Oct,3,10,10/16/2024,21:26.0
1864,8,card,35.76,Hot Chocolate,Morning,Wed,Oct,3,10,10/16/2024,36:23.6
1865,9,card,35.76,Latte,Morning,Wed,Oct,3,10,10/16/2024,25:51.2
1866,10,card,30.86,Americano with Milk,Morning,Wed,Oct,3,10,10/16/2024,15:47.9
1867,10,card,30.86,Americano with Milk,Morning,Wed,Oct,3,10,10/16/2024,16:53.7
1868,10,card,30.86,Americano with Milk,Morning,Wed,Oct,3,10,10/16/2024,45:25.0
1869,11,card,25.96,Americano,Morning,Wed,Oct,3,10,10/16/2024,49:44.6
1870,12,card,30.86,Americano with Milk,Afternoon,Wed,Oct,3,10,10/16/2024,29:44.3
1871,13,card,25.96,Americano,Afternoon,Wed,Oct,3,10,10/16/2024,20:10.5
1872,16,card,35.76,Latte,Afternoon,Wed,Oct,3,10,10/16/2024,45:29.5
1873,17,card,30.86,Americano with Milk,Night,Wed,Oct,3,10,10/16/2024,43:20.7
1874,19,card,30.86,Americano with Milk,Night,Wed,Oct,3,10,10/16/2024,37:42.4
1875,19,card,30.86,Americano with Milk,Night,Wed,Oct,3,10,10/16/2024,38:36.6
1876,21,card,35.76,Hot Chocolate,Night,Wed,Oct,3,10,10/16/2024,20:28.5
1877,7,card,35.76,Latte,Morning,Thu,Oct,4,10,10/17/2024,47:00.9
1878,7,card,35.76,Latte,Morning,Thu,Oct,4,10,10/17/2024,58:06.8
1879,9,card,30.86,Americano with Milk,Morning,Thu,Oct,4,10,10/17/2024,24:27.2
1880,10,card,35.76,Latte,Morning,Thu,Oct,4,10,10/17/2024,26:37.8
1881,10,card,35.76,Hot Chocolate,Morning,Thu,Oct,4,10,10/17/2024,44:54.2
1882,11,card,30.86,Americano with Milk,Morning,Thu,Oct,4,10,10/17/2024,59:26.9
1883,13,card,35.76,Latte,Afternoon,Thu,Oct,4,10,10/17/2024,57:24.9
1884,14,card,25.96,Americano,Afternoon,Thu,Oct,4,10,10/17/2024,34:42.6
1885,16,card,35.76,Hot Chocolate,Afternoon,Thu,Oct,4,10,10/17/2024,37:12.6
1886,16,card,35.76,Hot Chocolate,Afternoon,Thu,Oct,4,10,10/17/2024,38:18.0
1887,16,card,35.76,Latte,Afternoon,Thu,Oct,4,10,10/17/2024,39:09.6
1888,16,card,35.76,Hot Chocolate,Afternoon,Thu,Oct,4,10,10/17/2024,48:35.9
1889,16,card,35.76,Hot Chocolate,Afternoon,Thu,Oct,4,10,10/17/2024,49:33.2
1890,17,card,35.76,Cappuccino,Night,Thu,Oct,4,10,10/17/2024,08:27.8
1891,17,card,35.76,Hot Chocolate,Night,Thu,Oct,4,10,10/17/2024,09:30.3
1892,19,card,35.76,Latte,Night,Thu,Oct,4,10,10/17/2024,43:12.2
1893,20,card,30.86,Americano with Milk,Night,Thu,Oct,4,10,10/17/2024,11:36.4
1894,21,card,35.76,Latte,Night,Thu,Oct,4,10,10/17/2024,46:12.9
1895,21,card,35.76,Latte,Night,Thu,Oct,4,10,10/17/2024,47:20.5
1896,21,card,35.76,Latte,Night,Thu,Oct,4,10,10/17/2024,48:31.7
1897,21,card,35.76,Hot Chocolate,Night,Thu,Oct,4,10,10/17/2024,49:54.6
1898,8,card,35.76,Cocoa,Morning,Fri,Oct,5,10,10/18/2024,41:59.5
1899,8,card,35.76,Cocoa,Morning,Fri,Oct,5,10,10/18/2024,42:59.2
1900,9,card,35.76,Cocoa,Morning,Fri,Oct,5,10,10/18/2024,32:41.5
1901,9,card,35.76,Cocoa,Morning,Fri,Oct,5,10,10/18/2024,34:08.0
1902,9,card,35.76,Cappuccino,Morning,Fri,Oct,5,10,10/18/2024,55:20.2
1903,11,card,35.76,Cappuccino,Morning,Fri,Oct,5,10,10/18/2024,54:58.8
1904,14,card,35.76,Latte,Afternoon,Fri,Oct,5,10,10/18/2024,51:04.1
1905,14,card,35.76,Cappuccino,Afternoon,Fri,Oct,5,10,10/18/2024,52:15.3
1906,15,card,25.96,Americano,Afternoon,Fri,Oct,5,10,10/18/2024,39:20.0
1907,16,card,35.76,Latte,Afternoon,Fri,Oct,5,10,10/18/2024,09:57.9
1908,17,card,35.76,Hot Chocolate,Night,Fri,Oct,5,10,10/18/2024,45:39.0
1909,21,card,35.76,Cocoa,Night,Fri,Oct,5,10,10/18/2024,14:40.2
1910,21,card,35.76,Cocoa,Night,Fri,Oct,5,10,10/18/2024,15:22.5
1911,21,card,30.86,Americano with Milk,Night,Fri,Oct,5,10,10/18/2024,52:23.4
1912,22,card,35.76,Latte,Night,Fri,Oct,5,10,10/18/2024,03:27.0
1913,8,card,30.86,Americano with Milk,Morning,Sat,Oct,6,10,10/19/2024,34:13.7
1914,13,card,35.76,Latte,Afternoon,Sat,Oct,6,10,10/19/2024,22:06.1
1915,14,card,35.76,Cappuccino,Afternoon,Sat,Oct,6,10,10/19/2024,10:32.6
1916,15,card,35.76,Hot Chocolate,Afternoon,Sat,Oct,6,10,10/19/2024,56:55.2
1917,15,card,35.76,Latte,Afternoon,Sat,Oct,6,10,10/19/2024,59:24.1
1918,16,card,35.76,Latte,Afternoon,Sat,Oct,6,10,10/19/2024,02:45.8
1919,16,card,35.76,Latte,Afternoon,Sat,Oct,6,10,10/19/2024,17:42.5
1920,21,card,35.76,Cocoa,Night,Sat,Oct,6,10,10/19/2024,46:45.5
1921,22,card,35.76,Cappuccino,Night,Sat,Oct,6,10,10/19/2024,46:37.7
1922,8,card,35.76,Latte,Morning,Sun,Oct,7,10,10/20/2024,40:44.0
1923,8,card,35.76,Cocoa,Morning,Sun,Oct,7,10,10/20/2024,41:50.5
1924,11,card,35.76,Latte,Morning,Sun,Oct,7,10,10/20/2024,16:51.8
1925,14,card,35.76,Hot Chocolate,Afternoon,Sun,Oct,7,10,10/20/2024,28:46.0
1926,14,card,25.96,Cortado,Afternoon,Sun,Oct,7,10,10/20/2024,29:43.5
1927,15,card,30.86,Americano with Milk,Afternoon,Sun,Oct,7,10,10/20/2024,52:45.1
1928,16,card,35.76,Latte,Afternoon,Sun,Oct,7,10,10/20/2024,45:09.8
1929,16,card,35.76,Latte,Afternoon,Sun,Oct,7,10,10/20/2024,46:04.8
1930,17,card,35.76,Latte,Night,Sun,Oct,7,10,10/20/2024,27:05.8
1931,18,card,35.76,Cocoa,Night,Sun,Oct,7,10,10/20/2024,34:16.4
1932,18,card,35.76,Cocoa,Night,Sun,Oct,7,10,10/20/2024,35:08.2
1933,21,card,35.76,Hot Chocolate,Night,Sun,Oct,7,10,10/20/2024,14:18.0
1934,21,card,25.96,Cortado,Night,Sun,Oct,7,10,10/20/2024,15:17.8
1935,21,card,35.76,Cocoa,Night,Sun,Oct,7,10,10/20/2024,17:26.9
1936,21,card,35.76,Latte,Night,Sun,Oct,7,10,10/20/2024,25:00.1
1937,22,card,35.76,Cappuccino,Night,Sun,Oct,7,10,10/20/2024,17:29.0
1938,7,card,35.76,Latte,Morning,Mon,Oct,1,10,10/21/2024,48:43.1
1939,8,card,35.76,Latte,Morning,Mon,Oct,1,10,10/21/2024,19:56.4
1940,9,card,30.86,Americano with Milk,Morning,Mon,Oct,1,10,10/21/2024,04:54.4
1941,9,card,35.76,Latte,Morning,Mon,Oct,1,10,10/21/2024,34:25.5
1942,10,card,25.96,Americano,Morning,Mon,Oct,1,10,10/21/2024,25:09.3
1943,10,card,25.96,Cortado,Morning,Mon,Oct,1,10,10/21/2024,41:44.7
1944,10,card,25.96,Cortado,Morning,Mon,Oct,1,10,10/21/2024,42:35.6
1945,11,card,21.06,Espresso,Morning,Mon,Oct,1,10,10/21/2024,27:41.7
1946,12,card,35.76,Cappuccino,Afternoon,Mon,Oct,1,10,10/21/2024,40:24.3
1947,14,card,35.76,Latte,Afternoon,Mon,Oct,1,10,10/21/2024,42:56.0
1948,14,card,35.76,Latte,Afternoon,Mon,Oct,1,10,10/21/2024,43:58.0
1949,15,card,30.86,Americano with Milk,Afternoon,Mon,Oct,1,10,10/21/2024,27:02.4
1950,15,card,25.96,Cortado,Afternoon,Mon,Oct,1,10,10/21/2024,39:04.7
1951,16,card,35.76,Cocoa,Afternoon,Mon,Oct,1,10,10/21/2024,42:57.5
1952,16,card,35.76,Latte,Afternoon,Mon,Oct,1,10,10/21/2024,55:22.5
1953,19,card,35.76,Hot Chocolate,Night,Mon,Oct,1,10,10/21/2024,21:13.4
1954,21,card,35.76,Latte,Night,Mon,Oct,1,10,10/21/2024,05:36.1
1955,22,card,35.76,Cocoa,Night,Mon,Oct,1,10,10/21/2024,30:44.5
1956,22,card,35.76,Hot Chocolate,Night,Mon,Oct,1,10,10/21/2024,31:34.0
1957,7,card,35.76,Latte,Morning,Tue,Oct,2,10,10/22/2024,32:59.5
1958,7,card,35.76,Cappuccino,Morning,Tue,Oct,2,10,10/22/2024,34:00.0
1959,8,card,30.86,Americano with Milk,Morning,Tue,Oct,2,10,10/22/2024,25:32.2
1960,9,card,25.96,Cortado,Morning,Tue,Oct,2,10,10/22/2024,17:50.4
1961,10,card,21.06,Espresso,Morning,Tue,Oct,2,10,10/22/2024,51:32.3
1962,10,card,25.96,Cortado,Morning,Tue,Oct,2,10,10/22/2024,52:17.1
1963,18,card,25.96,Americano,Night,Tue,Oct,2,10,10/22/2024,07:02.6
1964,19,card,35.76,Hot Chocolate,Night,Tue,Oct,2,10,10/22/2024,46:39.2
1965,19,card,35.76,Latte,Night,Tue,Oct,2,10,10/22/2024,47:50.5
1966,7,card,35.76,Latte,Morning,Wed,Oct,3,10,10/23/2024,58:06.8
1967,8,card,30.86,Americano with Milk,Morning,Wed,Oct,3,10,10/23/2024,45:14.8
1968,10,card,25.96,Cortado,Morning,Wed,Oct,3,10,10/23/2024,24:57.8
1969,12,card,30.86,Americano with Milk,Afternoon,Wed,Oct,3,10,10/23/2024,31:05.4
1970,16,card,30.86,Americano with Milk,Afternoon,Wed,Oct,3,10,10/23/2024,20:02.3
1971,16,card,30.86,Americano with Milk,Afternoon,Wed,Oct,3,10,10/23/2024,21:09.0
1972,16,card,35.76,Cappuccino,Afternoon,Wed,Oct,3,10,10/23/2024,42:30.2
1973,17,card,21.06,Espresso,Night,Wed,Oct,3,10,10/23/2024,02:46.3
1974,18,card,35.76,Cocoa,Night,Wed,Oct,3,10,10/23/2024,58:58.5
1975,19,card,35.76,Cappuccino,Night,Wed,Oct,3,10,10/23/2024,00:43.0
1976,21,card,30.86,Americano with Milk,Night,Wed,Oct,3,10,10/23/2024,57:20.7
1977,21,card,35.76,Hot Chocolate,Night,Wed,Oct,3,10,10/23/2024,58:23.7
1978,22,card,35.76,Latte,Night,Wed,Oct,3,10,10/23/2024,23:38.3
1979,12,card,25.96,Americano,Afternoon,Thu,Oct,4,10,10/24/2024,07:46.6
1980,13,card,35.76,Cappuccino,Afternoon,Thu,Oct,4,10,10/24/2024,23:59.6
1981,14,card,35.76,Cappuccino,Afternoon,Thu,Oct,4,10,10/24/2024,09:46.7
1982,14,card,35.76,Hot Chocolate,Afternoon,Thu,Oct,4,10,10/24/2024,49:01.9
1983,14,card,35.76,Latte,Afternoon,Thu,Oct,4,10,10/24/2024,49:49.3
1984,15,card,35.76,Latte,Afternoon,Thu,Oct,4,10,10/24/2024,47:32.8
1985,15,card,35.76,Latte,Afternoon,Thu,Oct,4,10,10/24/2024,48:29.9
1986,18,card,25.96,Americano,Night,Thu,Oct,4,10,10/24/2024,53:47.3
1987,18,card,25.96,Americano,Night,Thu,Oct,4,10,10/24/2024,55:07.6
1988,19,card,35.76,Latte,Night,Thu,Oct,4,10,10/24/2024,50:18.7
1989,20,card,25.96,Americano,Night,Thu,Oct,4,10,10/24/2024,44:11.5
1990,21,card,35.76,Hot Chocolate,Night,Thu,Oct,4,10,10/24/2024,14:44.9
1991,21,card,35.76,Hot Chocolate,Night,Thu,Oct,4,10,10/24/2024,15:29.1
1992,21,card,35.76,Hot Chocolate,Night,Thu,Oct,4,10,10/24/2024,56:20.1
1993,21,card,35.76,Cappuccino,Night,Thu,Oct,4,10,10/24/2024,57:10.0
1994,7,card,35.76,Cappuccino,Morning,Fri,Oct,5,10,10/25/2024,38:11.1
1995,7,card,21.06,Espresso,Morning,Fri,Oct,5,10,10/25/2024,45:22.9
1996,8,card,35.76,Cocoa,Morning,Fri,Oct,5,10,10/25/2024,10:04.8
1997,8,card,35.76,Latte,Morning,Fri,Oct,5,10,10/25/2024,10:54.6
1998,8,card,35.76,Cocoa,Morning,Fri,Oct,5,10,10/25/2024,18:49.8
1999,10,card,25.96,Americano,Morning,Fri,Oct,5,10,10/25/2024,03:28.3
2000,10,card,25.96,Americano,Morning,Fri,Oct,5,10,10/25/2024,05:21.0
2001,10,card,30.86,Americano with Milk,Morning,Fri,Oct,5,10,10/25/2024,51:01.3
2002,11,card,35.76,Cocoa,Morning,Fri,Oct,5,10,10/25/2024,49:42.9
2003,11,card,35.76,Cocoa,Morning,Fri,Oct,5,10,10/25/2024,50:30.4
2004,12,card,25.96,Cortado,Afternoon,Fri,Oct,5,10,10/25/2024,06:50.2
2005,12,card,35.76,Latte,Afternoon,Fri,Oct,5,10,10/25/2024,40:37.5
2006,14,card,35.76,Cappuccino,Afternoon,Fri,Oct,5,10,10/25/2024,23:16.6
2007,22,card,35.76,Hot Chocolate,Night,Fri,Oct,5,10,10/25/2024,19:24.0
2008,22,card,21.06,Espresso,Night,Fri,Oct,5,10,10/25/2024,22:31.7
2009,7,card,35.76,Cappuccino,Morning,Sat,Oct,6,10,10/26/2024,49:59.2
2010,8,card,25.96,Cortado,Morning,Sat,Oct,6,10,10/26/2024,41:44.5
2011,8,card,35.76,Cappuccino,Morning,Sat,Oct,6,10,10/26/2024,52:59.6
2012,10,card,25.96,Americano,Morning,Sat,Oct,6,10,10/26/2024,24:38.3
2013,12,card,35.76,Cocoa,Afternoon,Sat,Oct,6,10,10/26/2024,18:09.3
2014,13,card,35.76,Latte,Afternoon,Sat,Oct,6,10,10/26/2024,03:31.0
2015,14,card,35.76,Latte,Afternoon,Sat,Oct,6,10,10/26/2024,34:58.7
2016,14,card,30.86,Americano with Milk,Afternoon,Sat,Oct,6,10,10/26/2024,36:14.9
2017,15,card,25.96,Cortado,Afternoon,Sat,Oct,6,10,10/26/2024,05:22.1
2018,15,card,25.96,Cortado,Afternoon,Sat,Oct,6,10,10/26/2024,06:19.1
2019,15,card,35.76,Latte,Afternoon,Sat,Oct,6,10,10/26/2024,38:28.7
2020,15,card,35.76,Latte,Afternoon,Sat,Oct,6,10,10/26/2024,39:29.6
2021,15,card,30.86,Americano with Milk,Afternoon,Sat,Oct,6,10,10/26/2024,52:01.7
2022,15,card,30.86,Americano with Milk,Afternoon,Sat,Oct,6,10,10/26/2024,53:21.5
2023,19,card,35.76,Cappuccino,Night,Sat,Oct,6,10,10/26/2024,19:21.3
2024,20,card,30.86,Americano with Milk,Night,Sat,Oct,6,10,10/26/2024,34:46.7
2025,11,card,30.86,Americano with Milk,Morning,Sun,Oct,7,10,10/27/2024,01:56.9
2026,12,card,35.76,Latte,Afternoon,Sun,Oct,7,10,10/27/2024,53:26.0
2027,12,card,30.86,Americano with Milk,Afternoon,Sun,Oct,7,10,10/27/2024,54:27.5
2028,13,card,35.76,Cappuccino,Afternoon,Sun,Oct,7,10,10/27/2024,43:46.6
2029,16,card,35.76,Latte,Afternoon,Sun,Oct,7,10,10/27/2024,17:06.2
2030,7,card,35.76,Cappuccino,Morning,Mon,Oct,1,10,10/28/2024,46:28.2
2031,8,card,25.96,Americano,Morning,Mon,Oct,1,10,10/28/2024,01:12.3
2032,8,card,35.76,Latte,Morning,Mon,Oct,1,10,10/28/2024,35:02.9
2033,9,card,30.86,Americano with Milk,Morning,Mon,Oct,1,10,10/28/2024,15:42.8
2034,11,card,35.76,Latte,Morning,Mon,Oct,1,10,10/28/2024,42:36.5
2035,11,card,35.76,Latte,Morning,Mon,Oct,1,10,10/28/2024,43:43.3
2036,12,card,35.76,Hot Chocolate,Afternoon,Mon,Oct,1,10,10/28/2024,01:36.1
2037,12,card,30.86,Americano with Milk,Afternoon,Mon,Oct,1,10,10/28/2024,02:34.8
2038,12,card,35.76,Cappuccino,Afternoon,Mon,Oct,1,10,10/28/2024,21:30.4
2039,14,card,30.86,Americano with Milk,Afternoon,Mon,Oct,1,10,10/28/2024,10:54.6
2040,14,card,30.86,Americano with Milk,Afternoon,Mon,Oct,1,10,10/28/2024,11:56.3
2041,14,card,30.86,Americano with Milk,Afternoon,Mon,Oct,1,10,10/28/2024,30:59.6
2042,16,card,35.76,Latte,Afternoon,Mon,Oct,1,10,10/28/2024,01:20.5
2043,17,card,35.76,Cocoa,Night,Mon,Oct,1,10,10/28/2024,55:18.1
2044,17,card,35.76,Cocoa,Night,Mon,Oct,1,10,10/28/2024,56:02.4
2045,19,card,35.76,Cappuccino,Night,Mon,Oct,1,10,10/28/2024,10:25.3
2046,21,card,30.86,Americano with Milk,Night,Mon,Oct,1,10,10/28/2024,20:03.6
2047,22,card,30.86,Americano with Milk,Night,Mon,Oct,1,10,10/28/2024,05:50.8
2048,8,card,35.76,Latte,Morning,Tue,Oct,2,10,10/29/2024,40:52.4
2049,8,card,35.76,Latte,Morning,Tue,Oct,2,10,10/29/2024,47:05.6
2050,9,card,35.76,Latte,Morning,Tue,Oct,2,10,10/29/2024,31:57.7
2051,11,card,30.86,Americano with Milk,Morning,Tue,Oct,2,10,10/29/2024,59:46.7
2052,12,card,21.06,Espresso,Afternoon,Tue,Oct,2,10,10/29/2024,21:36.8
2053,14,card,25.96,Cortado,Afternoon,Tue,Oct,2,10,10/29/2024,15:43.8
2054,14,card,25.96,Cortado,Afternoon,Tue,Oct,2,10,10/29/2024,17:00.7
2055,14,card,35.76,Cappuccino,Afternoon,Tue,Oct,2,10,10/29/2024,37:36.0
2056,16,card,35.76,Hot Chocolate,Afternoon,Tue,Oct,2,10,10/29/2024,09:33.7
2057,16,card,35.76,Cocoa,Afternoon,Tue,Oct,2,10,10/29/2024,10:56.8
2058,16,card,35.76,Cocoa,Afternoon,Tue,Oct,2,10,10/29/2024,17:33.4
2059,18,card,30.86,Americano with Milk,Night,Tue,Oct,2,10,10/29/2024,02:04.4
2060,18,card,30.86,Americano with Milk,Night,Tue,Oct,2,10,10/29/2024,02:57.4
2061,19,card,30.86,Americano with Milk,Night,Tue,Oct,2,10,10/29/2024,02:05.4
2062,19,card,35.76,Cappuccino,Night,Tue,Oct,2,10,10/29/2024,05:44.4
2063,19,card,35.76,Hot Chocolate,Night,Tue,Oct,2,10,10/29/2024,51:12.9
2064,19,card,35.76,Latte,Night,Tue,Oct,2,10,10/29/2024,54:02.4
2065,20,card,35.76,Latte,Night,Tue,Oct,2,10,10/29/2024,07:35.7
2066,7,card,35.76,Latte,Morning,Wed,Oct,3,10,10/30/2024,52:05.5
2067,8,card,30.86,Americano with Milk,Morning,Wed,Oct,3,10,10/30/2024,46:26.8
2068,8,card,30.86,Americano with Milk,Morning,Wed,Oct,3,10,10/30/2024,47:29.3
2069,9,card,35.76,Latte,Morning,Wed,Oct,3,10,10/30/2024,11:29.4
2070,10,card,35.76,Latte,Morning,Wed,Oct,3,10,10/30/2024,31:53.2
2071,10,card,35.76,Latte,Morning,Wed,Oct,3,10,10/30/2024,33:07.7
2072,12,card,35.76,Latte,Afternoon,Wed,Oct,3,10,10/30/2024,08:45.9
2073,12,card,25.96,Americano,Afternoon,Wed,Oct,3,10,10/30/2024,09:46.8
2074,12,card,30.86,Americano with Milk,Afternoon,Wed,Oct,3,10,10/30/2024,10:58.4
2075,12,card,25.96,Americano,Afternoon,Wed,Oct,3,10,10/30/2024,37:00.8
2076,15,card,35.76,Latte,Afternoon,Wed,Oct,3,10,10/30/2024,05:15.2
2077,15,card,35.76,Latte,Afternoon,Wed,Oct,3,10,10/30/2024,07:03.0
2078,16,card,30.86,Americano with Milk,Afternoon,Wed,Oct,3,10,10/30/2024,04:48.4
2079,18,card,35.76,Hot Chocolate,Night,Wed,Oct,3,10,10/30/2024,08:12.5
2080,19,card,30.86,Americano with Milk,Night,Wed,Oct,3,10,10/30/2024,18:31.5
2081,19,card,30.86,Americano with Milk,Night,Wed,Oct,3,10,10/30/2024,43:21.2
2082,7,card,35.76,Latte,Morning,Thu,Oct,4,10,10/31/2024,54:17.3
2083,8,card,35.76,Latte,Morning,Thu,Oct,4,10,10/31/2024,38:53.9
2084,9,card,30.86,Americano with Milk,Morning,Thu,Oct,4,10,10/31/2024,18:19.1
2085,15,card,35.76,Latte,Afternoon,Thu,Oct,4,10,10/31/2024,59:26.7
2086,16,card,30.86,Americano with Milk,Afternoon,Thu,Oct,4,10,10/31/2024,00:31.0
2087,8,card,35.76,Cocoa,Morning,Fri,Nov,5,11,11/1/2024,24:03.4
2088,8,card,25.96,Americano,Morning,Fri,Nov,5,11,11/1/2024,30:57.6
2089,10,card,35.76,Latte,Morning,Fri,Nov,5,11,11/1/2024,54:50.4
2090,12,card,35.76,Cocoa,Afternoon,Fri,Nov,5,11,11/1/2024,41:26.5
2091,12,card,35.76,Cocoa,Afternoon,Fri,Nov,5,11,11/1/2024,42:18.4
2092,15,card,25.96,Cortado,Afternoon,Fri,Nov,5,11,11/1/2024,55:42.4
2093,22,card,30.86,Americano with Milk,Night,Fri,Nov,5,11,11/1/2024,41:55.9
2094,8,card,25.96,Cortado,Morning,Sat,Nov,6,11,11/2/2024,19:44.3
2095,10,card,35.76,Cocoa,Morning,Sat,Nov,6,11,11/2/2024,25:46.0
2096,10,card,30.86,Americano with Milk,Morning,Sat,Nov,6,11,11/2/2024,33:09.6
2097,14,card,30.86,Americano with Milk,Afternoon,Sat,Nov,6,11,11/2/2024,54:14.6
2098,16,card,35.76,Hot Chocolate,Afternoon,Sat,Nov,6,11,11/2/2024,24:15.9
2099,16,card,35.76,Latte,Afternoon,Sat,Nov,6,11,11/2/2024,25:57.0
2100,16,card,35.76,Latte,Afternoon,Sat,Nov,6,11,11/2/2024,37:05.0
2101,18,card,30.86,Americano with Milk,Night,Sat,Nov,6,11,11/2/2024,18:27.2
2102,18,card,25.96,Americano,Night,Sat,Nov,6,11,11/2/2024,58:23.5
2103,8,card,25.96,Cortado,Morning,Sun,Nov,7,11,11/3/2024,23:00.4
2104,9,card,30.86,Americano with Milk,Morning,Sun,Nov,7,11,11/3/2024,47:06.0
2105,9,card,30.86,Americano with Milk,Morning,Sun,Nov,7,11,11/3/2024,48:12.0
2106,13,card,35.76,Latte,Afternoon,Sun,Nov,7,11,11/3/2024,13:51.4
2107,13,card,30.86,Americano with Milk,Afternoon,Sun,Nov,7,11,11/3/2024,14:56.7
2108,13,card,35.76,Cocoa,Afternoon,Sun,Nov,7,11,11/3/2024,18:24.7
2109,13,card,25.96,Americano,Afternoon,Sun,Nov,7,11,11/3/2024,44:18.5
2110,13,card,30.86,Americano with Milk,Afternoon,Sun,Nov,7,11,11/3/2024,59:01.1
2111,16,card,35.76,Hot Chocolate,Afternoon,Sun,Nov,7,11,11/3/2024,15:17.7
2112,16,card,35.76,Hot Chocolate,Afternoon,Sun,Nov,7,11,11/3/2024,16:43.5
2113,16,card,25.96,Americano,Afternoon,Sun,Nov,7,11,11/3/2024,20:37.1
2114,16,card,25.96,Americano,Afternoon,Sun,Nov,7,11,11/3/2024,21:46.1
2115,20,card,35.76,Cocoa,Night,Sun,Nov,7,11,11/3/2024,26:14.6
2116,7,card,35.76,Latte,Morning,Mon,Nov,1,11,11/4/2024,43:36.9
2117,8,card,35.76,Latte,Morning,Mon,Nov,1,11,11/4/2024,37:33.3
2118,8,card,30.86,Americano with Milk,Morning,Mon,Nov,1,11,11/4/2024,38:58.9
2119,12,card,25.96,Americano,Afternoon,Mon,Nov,1,11,11/4/2024,33:35.8
2120,12,card,30.86,Americano with Milk,Afternoon,Mon,Nov,1,11,11/4/2024,35:06.1
2121,14,card,35.76,Cocoa,Afternoon,Mon,Nov,1,11,11/4/2024,44:38.1
2122,14,card,35.76,Cocoa,Afternoon,Mon,Nov,1,11,11/4/2024,45:20.0
2123,7,card,35.76,Cocoa,Morning,Tue,Nov,2,11,11/5/2024,49:31.6
2124,9,card,30.86,Americano with Milk,Morning,Tue,Nov,2,11,11/5/2024,05:41.8
2125,9,card,35.76,Cappuccino,Morning,Tue,Nov,2,11,11/5/2024,12:12.3
2126,9,card,30.86,Americano with Milk,Morning,Tue,Nov,2,11,11/5/2024,13:40.4
2127,10,card,30.86,Americano with Milk,Morning,Tue,Nov,2,11,11/5/2024,41:44.3
2128,11,card,35.76,Cocoa,Morning,Tue,Nov,2,11,11/5/2024,47:29.9
2129,11,card,35.76,Latte,Morning,Tue,Nov,2,11,11/5/2024,48:22.5
2130,14,card,35.76,Latte,Afternoon,Tue,Nov,2,11,11/5/2024,36:37.9
2131,14,card,35.76,Latte,Afternoon,Tue,Nov,2,11,11/5/2024,41:48.0
2132,18,card,35.76,Cappuccino,Night,Tue,Nov,2,11,11/5/2024,52:56.3
2133,18,card,35.76,Cappuccino,Night,Tue,Nov,2,11,11/5/2024,54:10.7
2134,18,card,35.76,Cappuccino,Night,Tue,Nov,2,11,11/5/2024,55:18.6
2135,21,card,35.76,Cocoa,Night,Tue,Nov,2,11,11/5/2024,40:44.7
2136,21,card,35.76,Cocoa,Night,Tue,Nov,2,11,11/5/2024,42:02.8
2137,21,card,35.76,Hot Chocolate,Night,Tue,Nov,2,11,11/5/2024,54:19.6
2138,22,card,35.76,Hot Chocolate,Night,Tue,Nov,2,11,11/5/2024,05:50.6
2139,22,card,30.86,Americano with Milk,Night,Tue,Nov,2,11,11/5/2024,06:39.0
2140,8,card,35.76,Latte,Morning,Wed,Nov,3,11,11/6/2024,11:25.1
2141,11,card,21.06,Espresso,Morning,Wed,Nov,3,11,11/6/2024,45:31.2
2142,13,card,25.96,Americano,Afternoon,Wed,Nov,3,11,11/6/2024,15:32.9
2143,15,card,35.76,Cappuccino,Afternoon,Wed,Nov,3,11,11/6/2024,44:16.5
2144,16,card,35.76,Latte,Afternoon,Wed,Nov,3,11,11/6/2024,00:43.8
2145,16,card,35.76,Cappuccino,Afternoon,Wed,Nov,3,11,11/6/2024,02:05.1
2146,18,card,35.76,Hot Chocolate,Night,Wed,Nov,3,11,11/6/2024,40:42.9
2147,18,card,35.76,Hot Chocolate,Night,Wed,Nov,3,11,11/6/2024,41:30.7
2148,12,card,35.76,Latte,Afternoon,Thu,Nov,4,11,11/7/2024,17:16.0
2149,15,card,25.96,Americano,Afternoon,Thu,Nov,4,11,11/7/2024,50:10.6
2150,16,card,25.96,Americano,Afternoon,Thu,Nov,4,11,11/7/2024,39:39.4
2151,18,card,35.76,Cocoa,Night,Thu,Nov,4,11,11/7/2024,17:33.7
2152,19,card,35.76,Hot Chocolate,Night,Thu,Nov,4,11,11/7/2024,20:14.8
2153,19,card,35.76,Latte,Night,Thu,Nov,4,11,11/7/2024,21:38.0
2154,20,card,35.76,Latte,Night,Thu,Nov,4,11,11/7/2024,02:30.7
2155,9,card,30.86,Americano with Milk,Morning,Fri,Nov,5,11,11/8/2024,05:42.1
2156,9,card,25.96,Americano,Morning,Fri,Nov,5,11,11/8/2024,47:30.9
2157,9,card,25.96,Americano,Morning,Fri,Nov,5,11,11/8/2024,48:59.7
2158,11,card,35.76,Cappuccino,Morning,Fri,Nov,5,11,11/8/2024,47:11.4
2159,13,card,35.76,Latte,Afternoon,Fri,Nov,5,11,11/8/2024,25:13.4
2160,13,card,35.76,Latte,Afternoon,Fri,Nov,5,11,11/8/2024,26:17.6
2161,16,card,30.86,Americano with Milk,Afternoon,Fri,Nov,5,11,11/8/2024,33:02.9
2162,16,card,30.86,Americano with Milk,Afternoon,Fri,Nov,5,11,11/8/2024,55:28.0
2163,20,card,35.76,Hot Chocolate,Night,Fri,Nov,5,11,11/8/2024,13:32.2
2164,20,card,35.76,Hot Chocolate,Night,Fri,Nov,5,11,11/8/2024,14:24.3
2165,20,card,35.76,Hot Chocolate,Night,Fri,Nov,5,11,11/8/2024,20:15:20
2166,22,card,35.76,Latte,Night,Fri,Nov,5,11,11/8/2024,27:09.7
2167,10,card,30.86,Americano with Milk,Morning,Sat,Nov,6,11,11/9/2024,08:18.8
2168,11,card,25.96,Cortado,Morning,Sat,Nov,6,11,11/9/2024,02:08.0
2169,11,card,25.96,Cortado,Morning,Sat,Nov,6,11,11/9/2024,03:00.6
2170,11,card,35.76,Latte,Morning,Sat,Nov,6,11,11/9/2024,08:44.2
2171,13,card,35.76,Hot Chocolate,Afternoon,Sat,Nov,6,11,11/9/2024,50:14.7
2172,13,card,35.76,Hot Chocolate,Afternoon,Sat,Nov,6,11,11/9/2024,50:55.2
2173,14,card,35.76,Hot Chocolate,Afternoon,Sat,Nov,6,11,11/9/2024,21:51.6
2174,14,card,35.76,Hot Chocolate,Afternoon,Sat,Nov,6,11,11/9/2024,22:50.4
2175,14,card,25.96,Americano,Afternoon,Sat,Nov,6,11,11/9/2024,37:33.2
2176,15,card,30.86,Americano with Milk,Afternoon,Sat,Nov,6,11,11/9/2024,29:50.9
2177,16,card,35.76,Latte,Afternoon,Sat,Nov,6,11,11/9/2024,15:47.8
2178,16,card,35.76,Cocoa,Afternoon,Sat,Nov,6,11,11/9/2024,16:52.4
2179,20,card,25.96,Americano,Night,Sat,Nov,6,11,11/9/2024,42:04.5
2180,20,card,35.76,Latte,Night,Sat,Nov,6,11,11/9/2024,43:27.5
2181,22,card,35.76,Cocoa,Night,Sat,Nov,6,11,11/9/2024,13:27.7
2182,22,card,25.96,Americano,Night,Sat,Nov,6,11,11/9/2024,52:58.1
2183,22,card,25.96,Americano,Night,Sat,Nov,6,11,11/9/2024,54:19.1
2184,9,card,25.96,Americano,Morning,Sun,Nov,7,11,11/10/2024,46:21.8
2185,17,card,35.76,Cocoa,Night,Sun,Nov,7,11,11/10/2024,52:47.9
2186,18,card,35.76,Hot Chocolate,Night,Sun,Nov,7,11,11/10/2024,12:53.4
2187,18,card,35.76,Hot Chocolate,Night,Sun,Nov,7,11,11/10/2024,14:03.6
2188,20,card,35.76,Cappuccino,Night,Sun,Nov,7,11,11/10/2024,38:08.1
2189,20,card,35.76,Cappuccino,Night,Sun,Nov,7,11,11/10/2024,39:06.8
2190,7,card,35.76,Cappuccino,Morning,Mon,Nov,1,11,11/11/2024,48:26.8
2191,9,card,30.86,Americano with Milk,Morning,Mon,Nov,1,11,11/11/2024,52:25.8
2192,10,card,25.96,Cortado,Morning,Mon,Nov,1,11,11/11/2024,19:09.5
2193,16,card,35.76,Cappuccino,Afternoon,Mon,Nov,1,11,11/11/2024,16:18:44
2194,16,card,35.76,Hot Chocolate,Afternoon,Mon,Nov,1,11,11/11/2024,19:52.7
2195,17,card,35.76,Cappuccino,Night,Mon,Nov,1,11,11/11/2024,33:32.1
2196,19,card,35.76,Latte,Night,Mon,Nov,1,11,11/11/2024,00:46.9
2197,19,card,35.76,Hot Chocolate,Night,Mon,Nov,1,11,11/11/2024,04:15.5
2198,21,card,35.76,Latte,Night,Mon,Nov,1,11,11/11/2024,08:31.7
2199,21,card,35.76,Latte,Night,Mon,Nov,1,11,11/11/2024,09:47.0
2200,10,card,35.76,Latte,Morning,Tue,Nov,2,11,11/12/2024,03:08.6
2201,13,card,35.76,Latte,Afternoon,Tue,Nov,2,11,11/12/2024,15:45.4
2202,14,card,35.76,Latte,Afternoon,Tue,Nov,2,11,11/12/2024,39:14.9
2203,16,card,35.76,Hot Chocolate,Afternoon,Tue,Nov,2,11,11/12/2024,47:14.4
2204,16,card,35.76,Hot Chocolate,Afternoon,Tue,Nov,2,11,11/12/2024,48:04.9
2205,16,card,35.76,Cocoa,Afternoon,Tue,Nov,2,11,11/12/2024,49:03.9
2206,18,card,35.76,Cappuccino,Night,Tue,Nov,2,11,11/12/2024,45:14.3
2207,20,card,35.76,Latte,Night,Tue,Nov,2,11,11/12/2024,07:57.8
2208,20,card,35.76,Cocoa,Night,Tue,Nov,2,11,11/12/2024,09:21.8
2209,8,card,30.86,Americano with Milk,Morning,Wed,Nov,3,11,11/13/2024,09:10.9
2210,10,card,35.76,Latte,Morning,Wed,Nov,3,11,11/13/2024,37:43.3
2211,13,card,30.86,Americano with Milk,Afternoon,Wed,Nov,3,11,11/13/2024,19:54.6
2212,13,card,30.86,Americano with Milk,Afternoon,Wed,Nov,3,11,11/13/2024,20:58.5
2213,14,card,30.86,Americano with Milk,Afternoon,Wed,Nov,3,11,11/13/2024,17:30.2
2214,14,card,35.76,Latte,Afternoon,Wed,Nov,3,11,11/13/2024,46:58.4
2215,9,card,35.76,Latte,Morning,Thu,Nov,4,11,11/14/2024,36:27.8
2216,10,card,25.96,Americano,Morning,Thu,Nov,4,11,11/14/2024,06:42.7
2217,12,card,21.06,Espresso,Afternoon,Thu,Nov,4,11,11/14/2024,48:50.5
2218,15,card,35.76,Cappuccino,Afternoon,Thu,Nov,4,11,11/14/2024,03:45.4
2219,15,card,35.76,Latte,Afternoon,Thu,Nov,4,11,11/14/2024,04:56.7
2220,15,card,35.76,Cappuccino,Afternoon,Thu,Nov,4,11,11/14/2024,05:49.8
2221,16,card,30.86,Americano with Milk,Afternoon,Thu,Nov,4,11,11/14/2024,13:08.3
2222,16,card,35.76,Cappuccino,Afternoon,Thu,Nov,4,11,11/14/2024,14:21.6
2223,19,card,35.76,Hot Chocolate,Night,Thu,Nov,4,11,11/14/2024,43:26.5
2224,19,card,35.76,Hot Chocolate,Night,Thu,Nov,4,11,11/14/2024,46:37.1
2225,20,card,35.76,Cocoa,Night,Thu,Nov,4,11,11/14/2024,31:30.0
2226,20,card,35.76,Hot Chocolate,Night,Thu,Nov,4,11,11/14/2024,32:30.6
2227,21,card,35.76,Latte,Night,Thu,Nov,4,11,11/14/2024,24:31.6
2228,22,card,35.76,Latte,Night,Thu,Nov,4,11,11/14/2024,40:42.3
2229,8,card,30.86,Americano with Milk,Morning,Fri,Nov,5,11,11/15/2024,45:51.1
2230,11,card,30.86,Americano with Milk,Morning,Fri,Nov,5,11,11/15/2024,05:53.0
2231,12,card,35.76,Cocoa,Afternoon,Fri,Nov,5,11,11/15/2024,09:00.5
2232,12,card,35.76,Cocoa,Afternoon,Fri,Nov,5,11,11/15/2024,14:18.6
2233,13,card,35.76,Latte,Afternoon,Fri,Nov,5,11,11/15/2024,57:33.9
2234,15,card,25.96,Americano,Afternoon,Fri,Nov,5,11,11/15/2024,19:50.6
2235,17,card,30.86,Americano with Milk,Night,Fri,Nov,5,11,11/15/2024,35:41.1
2236,17,card,35.76,Latte,Night,Fri,Nov,5,11,11/15/2024,55:01.5
2237,18,card,35.76,Hot Chocolate,Night,Fri,Nov,5,11,11/15/2024,12:44.9
2238,18,card,30.86,Americano with Milk,Night,Fri,Nov,5,11,11/15/2024,42:21.9
2239,18,card,30.86,Americano with Milk,Night,Fri,Nov,5,11,11/15/2024,43:21.2
2240,10,card,25.96,Cortado,Morning,Sat,Nov,6,11,11/16/2024,21:34.9
2241,10,card,25.96,Cortado,Morning,Sat,Nov,6,11,11/16/2024,45:51.4
2242,11,card,35.76,Hot Chocolate,Morning,Sat,Nov,6,11,11/16/2024,02:00.7
2243,11,card,35.76,Latte,Morning,Sat,Nov,6,11,11/16/2024,03:06.6
2244,11,card,25.96,Americano,Morning,Sat,Nov,6,11,11/16/2024,39:25.0
2245,12,card,35.76,Cappuccino,Afternoon,Sat,Nov,6,11,11/16/2024,30:15.0
2246,12,card,30.86,Americano with Milk,Afternoon,Sat,Nov,6,11,11/16/2024,31:50.6
2247,12,card,35.76,Latte,Afternoon,Sat,Nov,6,11,11/16/2024,48:35.8
2248,12,card,35.76,Latte,Afternoon,Sat,Nov,6,11,11/16/2024,49:35.1
2249,13,card,30.86,Americano with Milk,Afternoon,Sat,Nov,6,11,11/16/2024,16:55.5
2250,13,card,35.76,Latte,Afternoon,Sat,Nov,6,11,11/16/2024,18:00.5
2251,13,card,35.76,Latte,Afternoon,Sat,Nov,6,11,11/16/2024,19:09.0
2252,14,card,30.86,Americano with Milk,Afternoon,Sat,Nov,6,11,11/16/2024,25:47.4
2253,10,card,30.86,Americano with Milk,Morning,Sun,Nov,7,11,11/17/2024,29:37.0
2254,13,card,30.86,Americano with Milk,Afternoon,Sun,Nov,7,11,11/17/2024,35:19.7
2255,14,card,25.96,Americano,Afternoon,Sun,Nov,7,11,11/17/2024,18:41.8
2256,14,card,30.86,Americano with Milk,Afternoon,Sun,Nov,7,11,11/17/2024,33:40.2
2257,16,card,35.76,Latte,Afternoon,Sun,Nov,7,11,11/17/2024,27:26.2
2258,16,card,35.76,Latte,Afternoon,Sun,Nov,7,11,11/17/2024,28:35.8
2259,18,card,35.76,Hot Chocolate,Night,Sun,Nov,7,11,11/17/2024,10:06.6
2260,19,card,35.76,Hot Chocolate,Night,Sun,Nov,7,11,11/17/2024,17:34.3
2261,19,card,35.76,Hot Chocolate,Night,Sun,Nov,7,11,11/17/2024,18:27.5
2262,7,card,30.86,Americano with Milk,Morning,Mon,Nov,1,11,11/18/2024,52:19.6
2263,7,card,30.86,Americano with Milk,Morning,Mon,Nov,1,11,11/18/2024,53:16.4
2264,7,card,35.76,Latte,Morning,Mon,Nov,1,11,11/18/2024,57:22.2
2265,16,card,35.76,Latte,Afternoon,Mon,Nov,1,11,11/18/2024,44:49.1
2266,16,card,35.76,Latte,Afternoon,Mon,Nov,1,11,11/18/2024,46:52.9
2267,18,card,35.76,Latte,Night,Mon,Nov,1,11,11/18/2024,50:54.1
2268,7,card,35.76,Cocoa,Morning,Tue,Nov,2,11,11/19/2024,49:00.6
2269,7,card,30.86,Americano with Milk,Morning,Tue,Nov,2,11,11/19/2024,51:13.7
2270,7,card,35.76,Latte,Morning,Tue,Nov,2,11,11/19/2024,52:13.4
2271,7,card,21.06,Espresso,Morning,Tue,Nov,2,11,11/19/2024,53:38.4
2272,7,card,35.76,Latte,Morning,Tue,Nov,2,11,11/19/2024,54:46.9
2273,10,card,30.86,Americano with Milk,Morning,Tue,Nov,2,11,11/19/2024,29:23.4
2274,11,card,35.76,Latte,Morning,Tue,Nov,2,11,11/19/2024,07:09.0
2275,16,card,35.76,Cocoa,Afternoon,Tue,Nov,2,11,11/19/2024,22:40.5
2276,16,card,35.76,Cocoa,Afternoon,Tue,Nov,2,11,11/19/2024,23:59.4
2277,16,card,35.76,Cappuccino,Afternoon,Tue,Nov,2,11,11/19/2024,41:03.7
2278,16,card,35.76,Cappuccino,Afternoon,Tue,Nov,2,11,11/19/2024,47:41.2
2279,13,card,30.86,Americano with Milk,Afternoon,Wed,Nov,3,11,11/20/2024,29:38.7
2280,16,card,35.76,Latte,Afternoon,Wed,Nov,3,11,11/20/2024,34:50.1
2281,17,card,35.76,Cappuccino,Night,Wed,Nov,3,11,11/20/2024,49:51.7
2282,17,card,35.76,Hot Chocolate,Night,Wed,Nov,3,11,11/20/2024,50:49.8
2283,11,card,25.96,Cortado,Morning,Thu,Nov,4,11,11/21/2024,06:11.0
2284,12,card,35.76,Latte,Afternoon,Thu,Nov,4,11,11/21/2024,33:36.1
2285,12,card,35.76,Cocoa,Afternoon,Thu,Nov,4,11,11/21/2024,59:45.3
2286,13,card,35.76,Cocoa,Afternoon,Thu,Nov,4,11,11/21/2024,00:47.4
2287,16,card,35.76,Latte,Afternoon,Thu,Nov,4,11,11/21/2024,14:13.6
2288,17,card,30.86,Americano with Milk,Night,Thu,Nov,4,11,11/21/2024,35:27.4
2289,17,card,25.96,Cortado,Night,Thu,Nov,4,11,11/21/2024,39:23.0
2290,19,card,35.76,Hot Chocolate,Night,Thu,Nov,4,11,11/21/2024,01:02.9
2291,7,card,35.76,Latte,Morning,Fri,Nov,5,11,11/22/2024,50:36.3
2292,10,card,35.76,Cappuccino,Morning,Fri,Nov,5,11,11/22/2024,03:42.5
2293,11,card,35.76,Latte,Morning,Fri,Nov,5,11,11/22/2024,02:32.4
2294,11,card,35.76,Cocoa,Morning,Fri,Nov,5,11,11/22/2024,24:26.4
2295,16,card,35.76,Hot Chocolate,Afternoon,Fri,Nov,5,11,11/22/2024,33:05.3
2296,16,card,35.76,Latte,Afternoon,Fri,Nov,5,11,11/22/2024,33:49.9
2297,9,card,25.96,Cortado,Morning,Sat,Nov,6,11,11/23/2024,10:46.3
2298,9,card,25.96,Cortado,Morning,Sat,Nov,6,11,11/23/2024,11:49.0
2299,10,card,35.76,Latte,Morning,Sat,Nov,6,11,11/23/2024,05:15.8
2300,11,card,35.76,Cappuccino,Morning,Sat,Nov,6,11,11/23/2024,02:59.6
2301,11,card,25.96,Americano,Morning,Sat,Nov,6,11,11/23/2024,09:28.0
2302,11,card,25.96,Americano,Morning,Sat,Nov,6,11,11/23/2024,10:25.8
2303,11,card,35.76,Hot Chocolate,Morning,Sat,Nov,6,11,11/23/2024,41:27.5
2304,22,card,35.76,Latte,Night,Sat,Nov,6,11,11/23/2024,37:04.2
2305,8,card,35.76,Latte,Morning,Sun,Nov,7,11,11/24/2024,17:07.5
2306,7,card,35.76,Cappuccino,Morning,Mon,Nov,1,11,11/25/2024,49:18.0
2307,7,card,35.76,Latte,Morning,Mon,Nov,1,11,11/25/2024,54:23.5
2308,9,card,30.86,Americano with Milk,Morning,Mon,Nov,1,11,11/25/2024,12:21.0
2309,10,card,25.96,Cortado,Morning,Mon,Nov,1,11,11/25/2024,38:08.0
2310,12,card,35.76,Latte,Afternoon,Mon,Nov,1,11,11/25/2024,50:58.2
2311,12,card,35.76,Latte,Afternoon,Mon,Nov,1,11,11/25/2024,52:41.1
2312,16,card,35.76,Hot Chocolate,Afternoon,Mon,Nov,1,11,11/25/2024,30:56.5
2313,19,card,30.86,Americano with Milk,Night,Mon,Nov,1,11,11/25/2024,01:59.1
2314,19,card,35.76,Hot Chocolate,Night,Mon,Nov,1,11,11/25/2024,37:58.5
2315,21,card,35.76,Hot Chocolate,Night,Mon,Nov,1,11,11/25/2024,42:15.2
2316,21,card,35.76,Cappuccino,Night,Mon,Nov,1,11,11/25/2024,43:00.5
2317,7,card,35.76,Latte,Morning,Tue,Nov,2,11,11/26/2024,54:37.9
2318,11,card,35.76,Cocoa,Morning,Tue,Nov,2,11,11/26/2024,02:56.3
2319,11,card,25.96,Americano,Morning,Tue,Nov,2,11,11/26/2024,03:47.3
2320,11,card,35.76,Cocoa,Morning,Tue,Nov,2,11,11/26/2024,06:09.1
2321,11,card,35.76,Cocoa,Morning,Tue,Nov,2,11,11/26/2024,07:10.0
2322,16,card,35.76,Latte,Afternoon,Tue,Nov,2,11,11/26/2024,03:54.3
2323,16,card,35.76,Latte,Afternoon,Tue,Nov,2,11,11/26/2024,05:00.6
2324,17,card,25.96,Americano,Night,Tue,Nov,2,11,11/26/2024,11:37.7
2325,17,card,30.86,Americano with Milk,Night,Tue,Nov,2,11,11/26/2024,12:34.4
2326,19,card,35.76,Cocoa,Night,Tue,Nov,2,11,11/26/2024,47:24.7
2327,8,card,35.76,Cappuccino,Morning,Thu,Nov,4,11,11/28/2024,41:16.9
2328,9,card,30.86,Americano with Milk,Morning,Thu,Nov,4,11,11/28/2024,14:00.9
2329,20,card,30.86,Americano with Milk,Night,Thu,Nov,4,11,11/28/2024,24:42.0
2330,20,card,35.76,Latte,Night,Thu,Nov,4,11,11/28/2024,25:45.5
2331,20,card,35.76,Latte,Night,Thu,Nov,4,11,11/28/2024,54:59.7
2332,22,card,35.76,Cappuccino,Night,Thu,Nov,4,11,11/28/2024,00:15.7
2333,7,card,35.76,Cocoa,Morning,Fri,Nov,5,11,11/29/2024,53:15.8
2334,7,card,35.76,Latte,Morning,Fri,Nov,5,11,11/29/2024,57:42.2
2335,9,card,30.86,Americano with Milk,Morning,Fri,Nov,5,11,11/29/2024,07:31.5
2336,9,card,30.86,Americano with Milk,Morning,Fri,Nov,5,11,11/29/2024,08:30.2
2337,15,card,30.86,Americano with Milk,Afternoon,Fri,Nov,5,11,11/29/2024,18:06.9
2338,15,card,35.76,Latte,Afternoon,Fri,Nov,5,11,11/29/2024,19:20.3
2339,20,card,35.76,Cocoa,Night,Fri,Nov,5,11,11/29/2024,57:54.7
2340,12,card,35.76,Cocoa,Afternoon,Sat,Nov,6,11,11/30/2024,58:12.1
2341,14,card,25.96,Americano,Afternoon,Sat,Nov,6,11,11/30/2024,04:55.8
2342,14,card,35.76,Hot Chocolate,Afternoon,Sat,Nov,6,11,11/30/2024,05:58.1
2343,14,card,35.76,Cocoa,Afternoon,Sat,Nov,6,11,11/30/2024,16:52.0
2344,15,card,30.86,Americano with Milk,Afternoon,Sat,Nov,6,11,11/30/2024,33:44.3
2345,22,card,30.86,Americano with Milk,Night,Sat,Nov,6,11,11/30/2024,03:48.5
2346,10,card,30.86,Americano with Milk,Morning,Sun,Dec,7,12,12/1/2024,15:31.7
2347,10,card,30.86,Americano with Milk,Morning,Sun,Dec,7,12,12/1/2024,16:31.9
2348,10,card,30.86,Americano with Milk,Morning,Sun,Dec,7,12,12/1/2024,22:46.6
2349,14,card,30.86,Americano with Milk,Afternoon,Sun,Dec,7,12,12/1/2024,34:22.9
2350,15,card,35.76,Cocoa,Afternoon,Sun,Dec,7,12,12/1/2024,09:12.7
2351,15,card,35.76,Cocoa,Afternoon,Sun,Dec,7,12,12/1/2024,09:57.0
2352,15,card,35.76,Cappuccino,Afternoon,Sun,Dec,7,12,12/1/2024,43:02.3
2353,15,card,35.76,Latte,Afternoon,Sun,Dec,7,12,12/1/2024,56:31.2
2354,15,card,35.76,Latte,Afternoon,Sun,Dec,7,12,12/1/2024,57:49.4
2355,16,card,35.76,Latte,Afternoon,Sun,Dec,7,12,12/1/2024,32:59.5
2356,16,card,35.76,Latte,Afternoon,Sun,Dec,7,12,12/1/2024,34:30.0
2357,17,card,30.86,Americano with Milk,Night,Sun,Dec,7,12,12/1/2024,10:23.6
2358,17,card,30.86,Americano with Milk,Night,Sun,Dec,7,12,12/1/2024,11:32.0
2359,18,card,30.86,Americano with Milk,Night,Sun,Dec,7,12,12/1/2024,38:28.7
2360,7,card,35.76,Latte,Morning,Mon,Dec,1,12,12/2/2024,50:36.6
2361,7,card,25.96,Americano,Morning,Mon,Dec,1,12,12/2/2024,51:59.4
2362,8,card,30.86,Americano with Milk,Morning,Mon,Dec,1,12,12/2/2024,21:29.6
2363,8,card,35.76,Cocoa,Morning,Mon,Dec,1,12,12/2/2024,53:14.5
2364,11,card,25.96,Cortado,Morning,Mon,Dec,1,12,12/2/2024,04:25.2
2365,15,card,21.06,Espresso,Afternoon,Mon,Dec,1,12,12/2/2024,28:23.9
2366,16,card,35.76,Cappuccino,Afternoon,Mon,Dec,1,12,12/2/2024,12:23.9
2367,17,card,25.96,Americano,Night,Mon,Dec,1,12,12/2/2024,34:21.7
2368,18,card,35.76,Cappuccino,Night,Mon,Dec,1,12,12/2/2024,00:32.3
2369,8,card,35.76,Latte,Morning,Tue,Dec,2,12,12/3/2024,11:19.1
2370,9,card,30.86,Americano with Milk,Morning,Tue,Dec,2,12,12/3/2024,23:30.6
2371,9,card,30.86,Americano with Milk,Morning,Tue,Dec,2,12,12/3/2024,24:27.1
2372,11,card,25.96,Americano,Morning,Tue,Dec,2,12,12/3/2024,17:58.4
2373,11,card,30.86,Americano with Milk,Morning,Tue,Dec,2,12,12/3/2024,42:07.6
2374,11,card,30.86,Americano with Milk,Morning,Tue,Dec,2,12,12/3/2024,43:15.6
2375,11,card,30.86,Americano with Milk,Morning,Tue,Dec,2,12,12/3/2024,45:54.4
2376,20,card,35.76,Cocoa,Night,Tue,Dec,2,12,12/3/2024,50:55.8
2377,21,card,35.76,Latte,Night,Tue,Dec,2,12,12/3/2024,33:16.9
2378,21,card,35.76,Cappuccino,Night,Tue,Dec,2,12,12/3/2024,34:13.1
2379,21,card,35.76,Hot Chocolate,Night,Tue,Dec,2,12,12/3/2024,35:18.9
2380,22,card,30.86,Americano with Milk,Night,Tue,Dec,2,12,12/3/2024,19:13.8
2381,22,card,35.76,Cappuccino,Night,Tue,Dec,2,12,12/3/2024,21:42.1
2382,8,card,25.96,Cortado,Morning,Wed,Dec,3,12,12/4/2024,32:47.9
2383,8,card,35.76,Latte,Morning,Wed,Dec,3,12,12/4/2024,50:30.3
2384,8,card,35.76,Latte,Morning,Wed,Dec,3,12,12/4/2024,52:15.0
2385,9,card,25.96,Americano,Morning,Wed,Dec,3,12,12/4/2024,04:14.1
2386,10,card,30.86,Americano with Milk,Morning,Wed,Dec,3,12,12/4/2024,23:01.4
2387,10,card,30.86,Americano with Milk,Morning,Wed,Dec,3,12,12/4/2024,24:08.0
2388,10,card,30.86,Americano with Milk,Morning,Wed,Dec,3,12,12/4/2024,26:57.8
2389,10,card,35.76,Hot Chocolate,Morning,Wed,Dec,3,12,12/4/2024,29:47.6
2390,11,card,30.86,Americano with Milk,Morning,Wed,Dec,3,12,12/4/2024,45:57.7
2391,14,card,35.76,Hot Chocolate,Afternoon,Wed,Dec,3,12,12/4/2024,33:54.7
2392,8,card,25.96,Americano,Morning,Thu,Dec,4,12,12/5/2024,53:48.3
2393,9,card,25.96,Cortado,Morning,Thu,Dec,4,12,12/5/2024,20:28.8
2394,10,card,30.86,Americano with Milk,Morning,Thu,Dec,4,12,12/5/2024,02:51.3
2395,10,card,30.86,Americano with Milk,Morning,Thu,Dec,4,12,12/5/2024,05:05.5
2396,11,card,35.76,Latte,Morning,Thu,Dec,4,12,12/5/2024,31:58.3
2397,11,card,25.96,Americano,Morning,Thu,Dec,4,12,12/5/2024,50:44.6
2398,14,card,35.76,Cappuccino,Afternoon,Thu,Dec,4,12,12/5/2024,30:58.3
2399,15,card,35.76,Latte,Afternoon,Thu,Dec,4,12,12/5/2024,21:19.5
2400,16,card,35.76,Latte,Afternoon,Thu,Dec,4,12,12/5/2024,02:10.0
2401,11,card,35.76,Latte,Morning,Fri,Dec,5,12,12/6/2024,42:18.5
2402,16,card,35.76,Hot Chocolate,Afternoon,Fri,Dec,5,12,12/6/2024,31:58.0
2403,22,card,35.76,Latte,Night,Fri,Dec,5,12,12/6/2024,30:33.3
2404,22,card,35.76,Hot Chocolate,Night,Fri,Dec,5,12,12/6/2024,31:30.0
2405,11,card,30.86,Americano with Milk,Morning,Sat,Dec,6,12,12/7/2024,17:10.1
2406,14,card,25.96,Americano,Afternoon,Sat,Dec,6,12,12/7/2024,16:42.9
2407,15,card,35.76,Latte,Afternoon,Sat,Dec,6,12,12/7/2024,44:04.9
2408,19,card,35.76,Cappuccino,Night,Sat,Dec,6,12,12/7/2024,11:13.5
2409,22,card,30.86,Americano with Milk,Night,Sat,Dec,6,12,12/7/2024,00:10.0
2410,22,card,25.96,Americano,Night,Sat,Dec,6,12,12/7/2024,28:17.1
2411,8,card,25.96,Cortado,Morning,Sun,Dec,7,12,12/8/2024,29:25.3
2412,10,card,35.76,Latte,Morning,Sun,Dec,7,12,12/8/2024,42:38.2
2413,10,card,35.76,Cappuccino,Morning,Sun,Dec,7,12,12/8/2024,43:42.7
2414,12,card,25.96,Cortado,Afternoon,Sun,Dec,7,12,12/8/2024,51:40.9
2415,13,card,30.86,Americano with Milk,Afternoon,Sun,Dec,7,12,12/8/2024,02:36.2
2416,13,card,30.86,Americano with Milk,Afternoon,Sun,Dec,7,12,12/8/2024,03:38.7
2417,17,card,35.76,Cappuccino,Night,Sun,Dec,7,12,12/8/2024,26:29.3
2418,18,card,21.06,Espresso,Night,Sun,Dec,7,12,12/8/2024,41:48.8
2419,20,card,35.76,Cappuccino,Night,Sun,Dec,7,12,12/8/2024,47:18.9
2420,21,card,30.86,Americano with Milk,Night,Sun,Dec,7,12,12/8/2024,28:30.1
2421,21,card,30.86,Americano with Milk,Night,Sun,Dec,7,12,12/8/2024,41:23.5
2422,8,card,35.76,Cappuccino,Morning,Mon,Dec,1,12,12/9/2024,32:40.8
2423,9,card,25.96,Americano,Morning,Mon,Dec,1,12,12/9/2024,12:25.2
2424,9,card,30.86,Americano with Milk,Morning,Mon,Dec,1,12,12/9/2024,33:57.4
2425,13,card,25.96,Cortado,Afternoon,Mon,Dec,1,12,12/9/2024,00:54.9
2426,21,card,35.76,Cocoa,Night,Mon,Dec,1,12,12/9/2024,21:51.3
2427,12,card,25.96,Cortado,Afternoon,Tue,Dec,2,12,12/10/2024,25:49.8
2428,18,card,35.76,Hot Chocolate,Night,Tue,Dec,2,12,12/10/2024,21:57.8
2429,7,card,35.76,Latte,Morning,Wed,Dec,3,12,12/11/2024,49:46.0
2430,10,card,25.96,Cortado,Morning,Wed,Dec,3,12,12/11/2024,45:47.9
2431,12,card,35.76,Hot Chocolate,Afternoon,Wed,Dec,3,12,12/11/2024,13:06.3
2432,12,card,21.06,Espresso,Afternoon,Wed,Dec,3,12,12/11/2024,56:47.8
2433,17,card,35.76,Cocoa,Night,Wed,Dec,3,12,12/11/2024,59:25.5
2434,21,card,35.76,Latte,Night,Wed,Dec,3,12,12/11/2024,01:07.6
2435,21,card,35.76,Latte,Night,Wed,Dec,3,12,12/11/2024,18:17.2
2436,7,card,30.86,Americano with Milk,Morning,Thu,Dec,4,12,12/12/2024,58:31.2
2437,12,card,25.96,Americano,Afternoon,Thu,Dec,4,12,12/12/2024,49:23.7
2438,16,card,21.06,Espresso,Afternoon,Thu,Dec,4,12,12/12/2024,55:02.1
2439,16,card,21.06,Espresso,Afternoon,Thu,Dec,4,12,12/12/2024,55:49.1
2440,16,card,25.96,Americano,Afternoon,Thu,Dec,4,12,12/12/2024,57:01.1
2441,19,card,35.76,Cocoa,Night,Thu,Dec,4,12,12/12/2024,50:00.9
2442,19,card,35.76,Cocoa,Night,Thu,Dec,4,12,12/12/2024,50:57.7
2443,12,card,25.96,Americano,Afternoon,Fri,Dec,5,12,12/13/2024,27:25.5
2444,12,card,25.96,Americano,Afternoon,Fri,Dec,5,12,12/13/2024,53:05.6
2445,12,card,35.76,Hot Chocolate,Afternoon,Fri,Dec,5,12,12/13/2024,54:40.2
2446,14,card,35.76,Hot Chocolate,Afternoon,Fri,Dec,5,12,12/13/2024,01:58.1
2447,16,card,35.76,Cocoa,Afternoon,Fri,Dec,5,12,12/13/2024,23:23.9
2448,19,card,35.76,Cappuccino,Night,Fri,Dec,5,12,12/13/2024,19:03.8
2449,19,card,35.76,Cappuccino,Night,Fri,Dec,5,12,12/13/2024,20:10.1
2450,21,card,35.76,Latte,Night,Fri,Dec,5,12,12/13/2024,35:42.0
2451,8,card,30.86,Americano with Milk,Morning,Sat,Dec,6,12,12/14/2024,27:32.1
2452,9,card,35.76,Cocoa,Morning,Sat,Dec,6,12,12/14/2024,03:05.6
2453,11,card,35.76,Cappuccino,Morning,Sat,Dec,6,12,12/14/2024,41:57.8
2454,13,card,25.96,Americano,Afternoon,Sat,Dec,6,12,12/14/2024,19:07.0
2455,13,card,35.76,Latte,Afternoon,Sat,Dec,6,12,12/14/2024,20:08.6
2456,16,card,35.76,Cocoa,Afternoon,Sat,Dec,6,12,12/14/2024,10:30.0
2457,16,card,25.96,Americano,Afternoon,Sat,Dec,6,12,12/14/2024,29:58.9
2458,16,card,25.96,Americano,Afternoon,Sat,Dec,6,12,12/14/2024,30:49.8
2459,17,card,25.96,Americano,Night,Sat,Dec,6,12,12/14/2024,00:15.9
2460,17,card,25.96,Americano,Night,Sat,Dec,6,12,12/14/2024,01:29.2
2461,18,card,30.86,Americano with Milk,Night,Sat,Dec,6,12,12/14/2024,23:44.2
2462,11,card,35.76,Latte,Morning,Sun,Dec,7,12,12/15/2024,09:24.8
2463,11,card,35.76,Cocoa,Morning,Sun,Dec,7,12,12/15/2024,10:25.7
2464,17,card,35.76,Hot Chocolate,Night,Sun,Dec,7,12,12/15/2024,58:05.4
2465,7,card,35.76,Latte,Morning,Mon,Dec,1,12,12/16/2024,52:18.4
2466,8,card,35.76,Hot Chocolate,Morning,Mon,Dec,1,12,12/16/2024,03:31.1
2467,8,card,35.76,Cocoa,Morning,Mon,Dec,1,12,12/16/2024,46:53.8
2468,12,card,30.86,Americano with Milk,Afternoon,Mon,Dec,1,12,12/16/2024,19:08.1
2469,13,card,35.76,Latte,Afternoon,Mon,Dec,1,12,12/16/2024,08:52.6
2470,14,card,35.76,Hot Chocolate,Afternoon,Mon,Dec,1,12,12/16/2024,13:18.1
2471,18,card,35.76,Latte,Night,Mon,Dec,1,12,12/16/2024,23:07.0
2472,18,card,30.86,Americano with Milk,Night,Mon,Dec,1,12,12/16/2024,24:01.4
2473,8,card,25.96,Cortado,Morning,Tue,Dec,2,12,12/17/2024,48:18.2
2474,8,card,35.76,Cappuccino,Morning,Tue,Dec,2,12,12/17/2024,52:32.6
2475,10,card,30.86,Americano with Milk,Morning,Tue,Dec,2,12,12/17/2024,49:05.5
2476,16,card,25.96,Americano,Afternoon,Tue,Dec,2,12,12/17/2024,22:35.1
2477,16,card,35.76,Cocoa,Afternoon,Tue,Dec,2,12,12/17/2024,23:36.6
2478,17,card,35.76,Cappuccino,Night,Tue,Dec,2,12,12/17/2024,14:22.1
2479,18,card,35.76,Cocoa,Night,Tue,Dec,2,12,12/17/2024,54:57.3
2480,9,card,35.76,Latte,Morning,Wed,Dec,3,12,12/18/2024,30:28.3
2481,10,card,30.86,Americano with Milk,Morning,Wed,Dec,3,12,12/18/2024,01:21.5
2482,10,card,35.76,Latte,Morning,Wed,Dec,3,12,12/18/2024,03:02.1
2483,10,card,35.76,Cappuccino,Morning,Wed,Dec,3,12,12/18/2024,04:03.4
2484,10,card,35.76,Hot Chocolate,Morning,Thu,Dec,4,12,12/19/2024,12:11.2
2485,11,card,30.86,Americano with Milk,Morning,Thu,Dec,4,12,12/19/2024,25:43.9
2486,12,card,21.06,Espresso,Afternoon,Thu,Dec,4,12,12/19/2024,10:52.3
2487,13,card,35.76,Hot Chocolate,Afternoon,Thu,Dec,4,12,12/19/2024,38:56.8
2488,19,card,35.76,Cappuccino,Night,Thu,Dec,4,12,12/19/2024,00:56.3
2489,19,card,35.76,Cappuccino,Night,Thu,Dec,4,12,12/19/2024,10:40.6
2490,19,card,30.86,Americano with Milk,Night,Thu,Dec,4,12,12/19/2024,48:18.0
2491,19,card,35.76,Hot Chocolate,Night,Thu,Dec,4,12,12/19/2024,49:42.6
2492,21,card,35.76,Latte,Night,Thu,Dec,4,12,12/19/2024,08:11.8
2493,21,card,35.76,Cappuccino,Night,Thu,Dec,4,12,12/19/2024,09:15.7
2494,8,card,25.96,Cortado,Morning,Fri,Dec,5,12,12/20/2024,14:52.0
2495,9,card,30.86,Americano with Milk,Morning,Fri,Dec,5,12,12/20/2024,39:29.9
2496,10,card,35.76,Cappuccino,Morning,Fri,Dec,5,12,12/20/2024,12:42.8
2497,10,card,25.96,Cortado,Morning,Fri,Dec,5,12,12/20/2024,55:29.1
2498,12,card,21.06,Espresso,Afternoon,Fri,Dec,5,12,12/20/2024,21:17.2
2499,12,card,30.86,Americano with Milk,Afternoon,Fri,Dec,5,12,12/20/2024,22:49.4
2500,14,card,25.96,Cortado,Afternoon,Fri,Dec,5,12,12/20/2024,58:20.3
2501,18,card,35.76,Cappuccino,Night,Fri,Dec,5,12,12/20/2024,28:22.2
2502,18,card,35.76,Cappuccino,Night,Fri,Dec,5,12,12/20/2024,57:13.3
2503,10,card,35.76,Cappuccino,Morning,Sat,Dec,6,12,12/21/2024,19:23.9
2504,10,card,35.76,Latte,Morning,Sat,Dec,6,12,12/21/2024,20:41.1
2505,10,card,25.96,Americano,Morning,Sat,Dec,6,12,12/21/2024,32:02.8
2506,15,card,35.76,Hot Chocolate,Afternoon,Sat,Dec,6,12,12/21/2024,33:03.6
2507,15,card,35.76,Latte,Afternoon,Sat,Dec,6,12,12/21/2024,33:49.6
2508,15,card,30.86,Americano with Milk,Afternoon,Sat,Dec,6,12,12/21/2024,35:29.4
2509,15,card,35.76,Latte,Afternoon,Sat,Dec,6,12,12/21/2024,58:07.0
2510,17,card,35.76,Cocoa,Night,Sat,Dec,6,12,12/21/2024,47:27.9
2511,18,card,35.76,Hot Chocolate,Night,Sat,Dec,6,12,12/21/2024,02:36.9
2512,18,card,25.96,Cortado,Night,Sat,Dec,6,12,12/21/2024,08:17.2
2513,19,card,30.86,Americano with Milk,Night,Sat,Dec,6,12,12/21/2024,48:13.5
2514,19,card,25.96,Cortado,Night,Sat,Dec,6,12,12/21/2024,49:45.8
2515,21,card,25.96,Cortado,Night,Sat,Dec,6,12,12/21/2024,49:47.3
2516,21,card,35.76,Latte,Night,Sat,Dec,6,12,12/21/2024,58:48.8
2517,22,card,25.96,Cortado,Night,Sat,Dec,6,12,12/21/2024,16:14.1
2518,10,card,35.76,Cappuccino,Morning,Sun,Dec,7,12,12/22/2024,42:56.1
2519,18,card,35.76,Cappuccino,Night,Sun,Dec,7,12,12/22/2024,55:44.5
2520,19,card,35.76,Hot Chocolate,Night,Sun,Dec,7,12,12/22/2024,35:45.8
2521,19,card,35.76,Hot Chocolate,Night,Sun,Dec,7,12,12/22/2024,36:29.9
2522,20,card,35.76,Hot Chocolate,Night,Sun,Dec,7,12,12/22/2024,26:36.7
2523,21,card,35.76,Cocoa,Night,Sun,Dec,7,12,12/22/2024,55:18.8
2524,21,card,25.96,Cortado,Night,Sun,Dec,7,12,12/22/2024,56:56.3
2525,9,card,25.96,Cortado,Morning,Mon,Dec,1,12,12/23/2024,03:21.0
2526,9,card,30.86,Americano with Milk,Morning,Mon,Dec,1,12,12/23/2024,22:17.9
2527,10,card,30.86,Americano with Milk,Morning,Mon,Dec,1,12,12/23/2024,42:03.4
2528,11,card,35.76,Cappuccino,Morning,Mon,Dec,1,12,12/23/2024,35:54.4
2529,14,card,35.76,Latte,Afternoon,Mon,Dec,1,12,12/23/2024,05:31.7
2530,15,card,30.86,Americano with Milk,Afternoon,Mon,Dec,1,12,12/23/2024,00:23.7
2531,16,card,35.76,Latte,Afternoon,Mon,Dec,1,12,12/23/2024,14:50.4
2532,17,card,25.96,Cortado,Night,Mon,Dec,1,12,12/23/2024,21:20.5
2533,17,card,35.76,Latte,Night,Mon,Dec,1,12,12/23/2024,22:40.3
2534,20,card,25.96,Cortado,Night,Mon,Dec,1,12,12/23/2024,46:07.2
2535,15,card,30.86,Americano with Milk,Afternoon,Tue,Dec,2,12,12/24/2024,10:43.4
2536,16,card,35.76,Hot Chocolate,Afternoon,Tue,Dec,2,12,12/24/2024,08:38.1
2537,17,card,25.96,Cortado,Night,Tue,Dec,2,12,12/24/2024,55:28.6
2538,19,card,35.76,Hot Chocolate,Night,Tue,Dec,2,12,12/24/2024,10:36.3
2539,19,card,35.76,Latte,Night,Tue,Dec,2,12,12/24/2024,11:36.9
2540,19,card,21.06,Espresso,Night,Tue,Dec,2,12,12/24/2024,12:35.0
2541,19,card,35.76,Cappuccino,Night,Tue,Dec,2,12,12/24/2024,36:02.3
2542,10,card,35.76,Latte,Morning,Wed,Dec,3,12,12/25/2024,43:56.8
2543,10,card,35.76,Latte,Morning,Wed,Dec,3,12,12/25/2024,45:02.4
2544,12,card,30.86,Americano with Milk,Afternoon,Wed,Dec,3,12,12/25/2024,35:03.3
2545,12,card,25.96,Americano,Afternoon,Wed,Dec,3,12,12/25/2024,36:00.1
2546,13,card,30.86,Americano with Milk,Afternoon,Wed,Dec,3,12,12/25/2024,17:11.4
2547,13,card,25.96,Americano,Afternoon,Wed,Dec,3,12,12/25/2024,32:47.5
2548,20,card,35.76,Cappuccino,Night,Wed,Dec,3,12,12/25/2024,02:40.3
2549,21,card,35.76,Cocoa,Night,Wed,Dec,3,12,12/25/2024,18:49.8
2550,21,card,35.76,Cocoa,Night,Wed,Dec,3,12,12/25/2024,19:42.1
2551,21,card,35.76,Latte,Night,Wed,Dec,3,12,12/25/2024,57:30.3
2552,22,card,35.76,Cappuccino,Night,Wed,Dec,3,12,12/25/2024,51:02.9
2553,22,card,30.86,Americano with Milk,Night,Wed,Dec,3,12,12/25/2024,53:06.4
2554,13,card,35.76,Cappuccino,Afternoon,Thu,Dec,4,12,12/26/2024,12:37.9
2555,15,card,21.06,Espresso,Afternoon,Thu,Dec,4,12,12/26/2024,04:34.5
2556,7,card,25.96,Americano,Morning,Fri,Dec,5,12,12/27/2024,50:20.7
2557,8,card,25.96,Cortado,Morning,Fri,Dec,5,12,12/27/2024,57:38.9
2558,9,card,25.96,Cortado,Morning,Fri,Dec,5,12,12/27/2024,09:55.2
2559,10,card,30.86,Americano with Milk,Morning,Fri,Dec,5,12,12/27/2024,12:53.4
2560,17,card,35.76,Latte,Night,Fri,Dec,5,12,12/27/2024,12:04.6
2561,19,card,25.96,Americano,Night,Fri,Dec,5,12,12/27/2024,47:27.9
2562,19,card,30.86,Americano with Milk,Night,Fri,Dec,5,12,12/27/2024,48:21.6
2563,22,card,35.76,Cocoa,Night,Fri,Dec,5,12,12/27/2024,54:32.9
2564,9,card,25.96,Cortado,Morning,Sat,Dec,6,12,12/28/2024,00:23.5
2565,9,card,25.96,Cortado,Morning,Sat,Dec,6,12,12/28/2024,50:37.9
2566,10,card,30.86,Americano with Milk,Morning,Sat,Dec,6,12,12/28/2024,18:44.2
2567,10,card,35.76,Latte,Morning,Sat,Dec,6,12,12/28/2024,52:03.1
2568,14,card,35.76,Cappuccino,Afternoon,Sat,Dec,6,12,12/28/2024,10:01.3
2569,14,card,35.76,Hot Chocolate,Afternoon,Sat,Dec,6,12,12/28/2024,13:17.4
2570,17,card,35.76,Latte,Night,Sat,Dec,6,12,12/28/2024,23:40.3
2571,22,card,35.76,Cappuccino,Night,Sat,Dec,6,12,12/28/2024,11:01.8
2572,13,card,25.96,Cortado,Afternoon,Sun,Dec,7,12,12/29/2024,46:16.4
2573,15,card,21.06,Espresso,Afternoon,Sun,Dec,7,12,12/29/2024,04:26.6
2574,15,card,25.96,Americano,Afternoon,Sun,Dec,7,12,12/29/2024,05:16.3
2575,17,card,25.96,Cortado,Night,Sun,Dec,7,12,12/29/2024,30:04.5
2576,17,card,21.06,Espresso,Night,Sun,Dec,7,12,12/29/2024,31:46.7
2577,19,card,25.96,Cortado,Night,Sun,Dec,7,12,12/29/2024,47:43.7
2578,20,card,35.76,Hot Chocolate,Night,Sun,Dec,7,12,12/29/2024,25:54.2
2579,21,card,35.76,Latte,Night,Sun,Dec,7,12,12/29/2024,17:19.3
2580,9,card,25.96,Cortado,Morning,Mon,Dec,1,12,12/30/2024,02:44.3
2581,9,card,30.86,Americano with Milk,Morning,Mon,Dec,1,12,12/30/2024,44:12.0
2582,13,card,35.76,Latte,Afternoon,Mon,Dec,1,12,12/30/2024,52:31.4
2583,13,card,35.76,Hot Chocolate,Afternoon,Mon,Dec,1,12,12/30/2024,53:39.3
2584,15,card,35.76,Latte,Afternoon,Mon,Dec,1,12,12/30/2024,12:45.0
2585,15,card,30.86,Americano with Milk,Afternoon,Mon,Dec,1,12,12/30/2024,13:38.7
2586,16,card,30.86,Americano with Milk,Afternoon,Mon,Dec,1,12,12/30/2024,29:53.9
2587,16,card,25.96,Americano,Afternoon,Mon,Dec,1,12,12/30/2024,31:28.7
2588,16,card,35.76,Cappuccino,Afternoon,Mon,Dec,1,12,12/30/2024,36:45.6
2589,8,card,25.96,Cortado,Morning,Tue,Dec,2,12,12/31/2024,52:28.7
2590,9,card,35.76,Cappuccino,Morning,Tue,Dec,2,12,12/31/2024,36:50.0
2591,9,card,25.96,Cortado,Morning,Tue,Dec,2,12,12/31/2024,39:41.5
2592,9,card,35.76,Cocoa,Morning,Tue,Dec,2,12,12/31/2024,45:28.5
2593,10,card,30.86,Americano with Milk,Morning,Tue,Dec,2,12,12/31/2024,26:53.0
2594,10,card,30.86,Americano with Milk,Morning,Tue,Dec,2,12,12/31/2024,29:28.2
2595,11,card,35.76,Cappuccino,Morning,Tue,Dec,2,12,12/31/2024,11:30.8
2596,11,card,30.86,Americano with Milk,Morning,Tue,Dec,2,12,12/31/2024,12:42.1
2597,15,card,21.06,Espresso,Afternoon,Tue,Dec,2,12,12/31/2024,42:14.1
2598,15,card,25.96,Americano,Afternoon,Tue,Dec,2,12,12/31/2024,43:13.3
2599,16,card,35.76,Cappuccino,Afternoon,Tue,Dec,2,12,12/31/2024,07:18.9
2600,17,card,35.76,Latte,Night,Tue,Dec,2,12,12/31/2024,10:17.5
2601,17,card,30.86,Americano with Milk,Night,Tue,Dec,2,12,12/31/2024,30:52.8
2602,17,card,35.76,Cappuccino,Night,Tue,Dec,2,12,12/31/2024,31:48.5
2603,19,card,35.76,Latte,Night,Tue,Dec,2,12,12/31/2024,07:25.4
2604,19,card,35.76,Hot Chocolate,Night,Tue,Dec,2,12,12/31/2024,08:38.9
2605,9,card,30.86,Americano with Milk,Morning,Thu,Jan,4,1,1/2/2025,58:05.3
2606,13,card,35.76,Cocoa,Afternoon,Thu,Jan,4,1,1/2/2025,29:40.1
2607,13,card,35.76,Cocoa,Afternoon,Thu,Jan,4,1,1/2/2025,30:38.7
2608,14,card,25.96,Cortado,Afternoon,Thu,Jan,4,1,1/2/2025,41:10.6
2609,14,card,25.96,Cortado,Afternoon,Thu,Jan,4,1,1/2/2025,42:45.8
2610,16,card,25.96,Americano,Afternoon,Thu,Jan,4,1,1/2/2025,22:32.4
2611,16,card,35.76,Hot Chocolate,Afternoon,Thu,Jan,4,1,1/2/2025,34:59.5
2612,16,card,30.86,Americano with Milk,Afternoon,Thu,Jan,4,1,1/2/2025,35:44.3
2613,17,card,35.76,Cappuccino,Night,Thu,Jan,4,1,1/2/2025,43:10.2
2614,9,card,25.96,Cortado,Morning,Fri,Jan,5,1,1/3/2025,03:22.7
2615,10,card,30.86,Americano with Milk,Morning,Fri,Jan,5,1,1/3/2025,10:30.8
2616,16,card,30.86,Americano with Milk,Afternoon,Fri,Jan,5,1,1/3/2025,58:09.4
2617,22,card,35.76,Cappuccino,Night,Fri,Jan,5,1,1/3/2025,13:28.6
2618,22,card,25.96,Americano,Night,Fri,Jan,5,1,1/3/2025,18:20.4
2619,22,card,25.96,Americano,Night,Fri,Jan,5,1,1/3/2025,19:14.4
2620,22,card,35.76,Latte,Night,Fri,Jan,5,1,1/3/2025,21:26.0
2621,8,card,25.96,Cortado,Morning,Sat,Jan,6,1,1/4/2025,58:26.5
2622,9,card,25.96,Americano,Morning,Sat,Jan,6,1,1/4/2025,59:27.8
2623,13,card,35.76,Cappuccino,Afternoon,Sat,Jan,6,1,1/4/2025,40:00.3
2624,15,card,35.76,Cocoa,Afternoon,Sat,Jan,6,1,1/4/2025,59:33.2
2625,16,card,30.86,Americano with Milk,Afternoon,Sat,Jan,6,1,1/4/2025,12:55.2
2626,16,card,35.76,Cappuccino,Afternoon,Sat,Jan,6,1,1/4/2025,14:10.2
2627,16,card,35.76,Cappuccino,Afternoon,Sat,Jan,6,1,1/4/2025,16:11.2
2628,16,card,25.96,Cortado,Afternoon,Sat,Jan,6,1,1/4/2025,18:04.1
2629,18,card,25.96,Americano,Night,Sat,Jan,6,1,1/4/2025,11:39.3
2630,22,card,35.76,Latte,Night,Sat,Jan,6,1,1/4/2025,23:30.7
2631,9,card,30.86,Americano with Milk,Morning,Sun,Jan,7,1,1/5/2025,45:57.8
2632,10,card,35.76,Latte,Morning,Sun,Jan,7,1,1/5/2025,53:00.8
2633,22,card,30.86,Americano with Milk,Night,Sun,Jan,7,1,1/5/2025,07:16.5
2634,19,card,25.96,Americano,Night,Mon,Jan,1,1,1/6/2025,58:50.7
2635,13,card,35.76,Cappuccino,Afternoon,Tue,Jan,2,1,1/7/2025,29:02.8
2636,22,card,35.76,Cocoa,Night,Tue,Jan,2,1,1/7/2025,32:45.1
2637,22,card,35.76,Cocoa,Night,Tue,Jan,2,1,1/7/2025,33:58.9
2638,7,card,30.86,Americano with Milk,Morning,Wed,Jan,3,1,1/8/2025,30:02.0
2639,9,card,35.76,Latte,Morning,Wed,Jan,3,1,1/8/2025,11:15.1
2640,10,card,25.96,Cortado,Morning,Wed,Jan,3,1,1/8/2025,30:28.7
2641,17,card,35.76,Cappuccino,Night,Wed,Jan,3,1,1/8/2025,22:51.6
2642,8,card,25.96,Americano,Morning,Thu,Jan,4,1,1/9/2025,07:07.6
2643,8,card,35.76,Latte,Morning,Thu,Jan,4,1,1/9/2025,56:34.7
2644,9,card,30.86,Americano with Milk,Morning,Thu,Jan,4,1,1/9/2025,02:31.8
2645,14,card,21.06,Espresso,Afternoon,Thu,Jan,4,1,1/9/2025,27:23.7
2646,15,card,35.76,Latte,Afternoon,Thu,Jan,4,1,1/9/2025,36:58.7
2647,15,card,30.86,Americano with Milk,Afternoon,Thu,Jan,4,1,1/9/2025,48:10.0
2648,15,card,25.96,Cortado,Afternoon,Thu,Jan,4,1,1/9/2025,49:11.8
2649,20,card,30.86,Americano with Milk,Night,Thu,Jan,4,1,1/9/2025,30:29.1
2650,22,card,35.76,Latte,Night,Thu,Jan,4,1,1/9/2025,10:20.7
2651,8,card,30.86,Americano with Milk,Morning,Fri,Jan,5,1,1/10/2025,49:20.8
2652,9,card,30.86,Americano with Milk,Morning,Fri,Jan,5,1,1/10/2025,16:36.5
2653,17,card,35.76,Cappuccino,Night,Fri,Jan,5,1,1/10/2025,51:18.8
2654,17,card,35.76,Hot Chocolate,Night,Fri,Jan,5,1,1/10/2025,55:53.4
2655,17,card,30.86,Americano with Milk,Night,Fri,Jan,5,1,1/10/2025,59:39.2
2656,7,card,30.86,Americano with Milk,Morning,Sat,Jan,6,1,1/11/2025,44:30.5
2657,10,card,35.76,Hot Chocolate,Morning,Sat,Jan,6,1,1/11/2025,49:41.3
2658,11,card,25.96,Americano,Morning,Sat,Jan,6,1,1/11/2025,13:53.9
2659,11,card,35.76,Latte,Morning,Sat,Jan,6,1,1/11/2025,20:17.6
2660,11,card,35.76,Latte,Morning,Sat,Jan,6,1,1/11/2025,21:25.6
2661,12,card,35.76,Latte,Afternoon,Sat,Jan,6,1,1/11/2025,10:58.7
2662,12,card,35.76,Latte,Afternoon,Sat,Jan,6,1,1/11/2025,13:24.8
2663,14,card,30.86,Americano with Milk,Afternoon,Sat,Jan,6,1,1/11/2025,12:54.8
2664,14,card,30.86,Americano with Milk,Afternoon,Sat,Jan,6,1,1/11/2025,15:38.1
2665,14,card,35.76,Cappuccino,Afternoon,Sat,Jan,6,1,1/11/2025,16:43.9
2666,14,card,35.76,Latte,Afternoon,Sat,Jan,6,1,1/11/2025,47:03.0
2667,17,card,25.96,Cortado,Night,Sat,Jan,6,1,1/11/2025,19:34.0
2668,17,card,35.76,Latte,Night,Sat,Jan,6,1,1/11/2025,20:56.8
2669,17,card,25.96,Cortado,Night,Sat,Jan,6,1,1/11/2025,22:05.1
2670,18,card,30.86,Americano with Milk,Night,Sat,Jan,6,1,1/11/2025,01:28.5
2671,11,card,30.86,Americano with Milk,Morning,Sun,Jan,7,1,1/12/2025,45:32.4
2672,11,card,25.96,Americano,Morning,Sun,Jan,7,1,1/12/2025,48:18.7
2673,11,card,30.86,Americano with Milk,Morning,Sun,Jan,7,1,1/12/2025,49:50.3
2674,16,card,35.76,Hot Chocolate,Afternoon,Sun,Jan,7,1,1/12/2025,15:58.8
2675,20,card,30.86,Americano with Milk,Night,Sun,Jan,7,1,1/12/2025,56:04.3
2676,8,card,30.86,Americano with Milk,Morning,Mon,Jan,1,1,1/13/2025,08:20.3
2677,9,card,30.86,Americano with Milk,Morning,Mon,Jan,1,1,1/13/2025,17:19.6
2678,13,card,25.96,Cortado,Afternoon,Mon,Jan,1,1,1/13/2025,02:56.6
2679,13,card,35.76,Latte,Afternoon,Mon,Jan,1,1,1/13/2025,50:46.6
2680,14,card,35.76,Latte,Afternoon,Mon,Jan,1,1,1/13/2025,11:27.3
2681,14,card,35.76,Cappuccino,Afternoon,Mon,Jan,1,1,1/13/2025,12:28.3
2682,16,card,35.76,Latte,Afternoon,Mon,Jan,1,1,1/13/2025,25:36.3
2683,20,card,21.06,Espresso,Night,Mon,Jan,1,1,1/13/2025,51:18.3
2684,7,card,35.76,Latte,Morning,Tue,Jan,2,1,1/14/2025,37:42.5
2685,9,card,25.96,Cortado,Morning,Tue,Jan,2,1,1/14/2025,53:42.8
2686,10,card,30.86,Americano with Milk,Morning,Tue,Jan,2,1,1/14/2025,21:45.6
2687,12,card,35.76,Latte,Afternoon,Tue,Jan,2,1,1/14/2025,49:14.4
2688,16,card,30.86,Americano with Milk,Afternoon,Tue,Jan,2,1,1/14/2025,18:19.3
2689,16,card,30.86,Americano with Milk,Afternoon,Tue,Jan,2,1,1/14/2025,19:26.5
2690,19,card,35.76,Cappuccino,Night,Tue,Jan,2,1,1/14/2025,41:55.9
2691,21,card,35.76,Latte,Night,Tue,Jan,2,1,1/14/2025,02:35.6
2692,9,card,30.86,Americano with Milk,Morning,Wed,Jan,3,1,1/15/2025,12:04.2
2693,11,card,25.96,Americano,Morning,Wed,Jan,3,1,1/15/2025,10:23.7
2694,13,card,35.76,Cappuccino,Afternoon,Wed,Jan,3,1,1/15/2025,14:14.6
2695,15,card,35.76,Latte,Afternoon,Wed,Jan,3,1,1/15/2025,35:21.9
2696,15,card,35.76,Cappuccino,Afternoon,Wed,Jan,3,1,1/15/2025,36:47.9
2697,15,card,35.76,Latte,Afternoon,Wed,Jan,3,1,1/15/2025,37:55.7
2698,16,card,35.76,Latte,Afternoon,Wed,Jan,3,1,1/15/2025,55:26.0
2699,18,card,35.76,Latte,Night,Wed,Jan,3,1,1/15/2025,06:12.4
2700,19,card,35.76,Latte,Night,Wed,Jan,3,1,1/15/2025,51:14.1
2701,21,card,35.76,Cappuccino,Night,Wed,Jan,3,1,1/15/2025,41:14.3
2702,9,card,35.76,Latte,Morning,Thu,Jan,4,1,1/16/2025,32:57.7
2703,9,card,30.86,Americano with Milk,Morning,Thu,Jan,4,1,1/16/2025,38:09.4
2704,10,card,30.86,Americano with Milk,Morning,Thu,Jan,4,1,1/16/2025,41:40.9
2705,12,card,25.96,Cortado,Afternoon,Thu,Jan,4,1,1/16/2025,12:16.3
2706,15,card,35.76,Latte,Afternoon,Thu,Jan,4,1,1/16/2025,16:19.2
2707,16,card,35.76,Latte,Afternoon,Thu,Jan,4,1,1/16/2025,35:11.0
2708,18,card,35.76,Cappuccino,Night,Thu,Jan,4,1,1/16/2025,15:57.4
2709,21,card,35.76,Hot Chocolate,Night,Thu,Jan,4,1,1/16/2025,15:59.7
2710,21,card,35.76,Hot Chocolate,Night,Thu,Jan,4,1,1/16/2025,16:59.2
2711,21,card,25.96,Cortado,Night,Thu,Jan,4,1,1/16/2025,40:12.5
2712,7,card,35.76,Cocoa,Morning,Fri,Jan,5,1,1/17/2025,38:19.8
2713,8,card,35.76,Latte,Morning,Fri,Jan,5,1,1/17/2025,26:20.8
2714,8,card,35.76,Cappuccino,Morning,Fri,Jan,5,1,1/17/2025,27:48.4
2715,8,card,30.86,Americano with Milk,Morning,Fri,Jan,5,1,1/17/2025,47:56.1
2716,9,card,30.86,Americano with Milk,Morning,Fri,Jan,5,1,1/17/2025,27:38.4
2717,14,card,35.76,Cocoa,Afternoon,Fri,Jan,5,1,1/17/2025,20:54.0
2718,14,card,35.76,Cocoa,Afternoon,Fri,Jan,5,1,1/17/2025,22:02.7
2719,17,card,35.76,Hot Chocolate,Night,Fri,Jan,5,1,1/17/2025,39:10.6
2720,21,card,35.76,Hot Chocolate,Night,Fri,Jan,5,1,1/17/2025,22:19.0
2721,10,card,30.86,Americano with Milk,Morning,Sat,Jan,6,1,1/18/2025,12:38.2
2722,16,card,35.76,Hot Chocolate,Afternoon,Sat,Jan,6,1,1/18/2025,33:40.1
2723,16,card,35.76,Latte,Afternoon,Sat,Jan,6,1,1/18/2025,35:14.2
2724,16,card,35.76,Hot Chocolate,Afternoon,Sat,Jan,6,1,1/18/2025,36:29.0
2725,8,card,30.86,Americano with Milk,Morning,Mon,Jan,1,1,1/20/2025,29:48.0
2726,10,card,30.86,Americano with Milk,Morning,Mon,Jan,1,1,1/20/2025,57:25.2
2727,11,card,25.96,Cortado,Morning,Mon,Jan,1,1,1/20/2025,40:24.0
2728,12,card,25.96,Americano,Afternoon,Mon,Jan,1,1,1/20/2025,04:49.9
2729,12,card,25.96,Cortado,Afternoon,Mon,Jan,1,1,1/20/2025,06:00.7
2730,13,card,30.86,Americano with Milk,Afternoon,Mon,Jan,1,1,1/20/2025,45:14.1
2731,20,card,35.76,Hot Chocolate,Night,Mon,Jan,1,1,1/20/2025,08:11.4
2732,20,card,35.76,Cappuccino,Night,Mon,Jan,1,1,1/20/2025,26:24.9
2733,20,card,35.76,Cappuccino,Night,Mon,Jan,1,1,1/20/2025,27:29.0
2734,21,card,35.76,Latte,Night,Mon,Jan,1,1,1/20/2025,13:45.4
2735,8,card,35.76,Cocoa,Morning,Tue,Jan,2,1,1/21/2025,05:04.3
2736,8,card,25.96,Cortado,Morning,Tue,Jan,2,1,1/21/2025,18:19.3
2737,8,card,30.86,Americano with Milk,Morning,Tue,Jan,2,1,1/21/2025,19:28.3
2738,15,card,25.96,Americano,Afternoon,Tue,Jan,2,1,1/21/2025,35:16.5
2739,18,card,35.76,Hot Chocolate,Night,Tue,Jan,2,1,1/21/2025,32:32.7
2740,18,card,35.76,Latte,Night,Tue,Jan,2,1,1/21/2025,54:13.4
2741,18,card,35.76,Latte,Night,Tue,Jan,2,1,1/21/2025,56:15.3
2742,19,card,25.96,Americano,Night,Tue,Jan,2,1,1/21/2025,15:21.1
2743,11,card,21.06,Espresso,Morning,Wed,Jan,3,1,1/22/2025,24:45.9
2744,17,card,30.86,Americano with Milk,Night,Wed,Jan,3,1,1/22/2025,32:06.5
2745,18,card,35.76,Cocoa,Night,Wed,Jan,3,1,1/22/2025,49:59.4
2746,19,card,30.86,Americano with Milk,Night,Wed,Jan,3,1,1/22/2025,10:26.0
2747,19,card,35.76,Cappuccino,Night,Wed,Jan,3,1,1/22/2025,11:23.1
2748,19,card,35.76,Latte,Night,Wed,Jan,3,1,1/22/2025,29:15.7
2749,20,card,30.86,Americano with Milk,Night,Wed,Jan,3,1,1/22/2025,14:30.7
2750,13,card,35.76,Cappuccino,Afternoon,Fri,Jan,5,1,1/24/2025,42:17.0
2751,13,card,25.96,Cortado,Afternoon,Fri,Jan,5,1,1/24/2025,43:37.6
2752,15,card,35.76,Cocoa,Afternoon,Fri,Jan,5,1,1/24/2025,28:38.8
2753,17,card,25.96,Americano,Night,Fri,Jan,5,1,1/24/2025,41:49.3
2754,21,card,35.76,Cocoa,Night,Fri,Jan,5,1,1/24/2025,16:26.4
2755,22,card,35.76,Hot Chocolate,Night,Fri,Jan,5,1,1/24/2025,31:55.6
2756,22,card,35.76,Latte,Night,Fri,Jan,5,1,1/24/2025,32:57.9
2757,13,card,35.76,Cappuccino,Afternoon,Sat,Jan,6,1,1/25/2025,21:04.2
2758,14,card,35.76,Cappuccino,Afternoon,Sat,Jan,6,1,1/25/2025,38:24.6
2759,14,card,25.96,Americano,Afternoon,Sat,Jan,6,1,1/25/2025,39:35.1
2760,12,card,25.96,Americano,Afternoon,Sun,Jan,7,1,1/26/2025,35:23.0
2761,12,card,21.06,Espresso,Afternoon,Sun,Jan,7,1,1/26/2025,36:34.0
2762,8,card,25.96,Cortado,Morning,Mon,Jan,1,1,1/27/2025,07:42.4
2763,8,card,25.96,Americano,Morning,Mon,Jan,1,1,1/27/2025,32:43.5
2764,12,card,35.76,Cappuccino,Afternoon,Mon,Jan,1,1,1/27/2025,05:02.4
2765,13,card,30.86,Americano with Milk,Afternoon,Mon,Jan,1,1,1/27/2025,45:08.8
2766,15,card,30.86,Americano with Milk,Afternoon,Mon,Jan,1,1,1/27/2025,27:54.1
2767,15,card,25.96,Cortado,Afternoon,Mon,Jan,1,1,1/27/2025,29:00.9
2768,15,card,30.86,Americano with Milk,Afternoon,Mon,Jan,1,1,1/27/2025,30:12.7
2769,18,card,35.76,Latte,Night,Mon,Jan,1,1,1/27/2025,55:19.3
2770,19,card,35.76,Latte,Night,Mon,Jan,1,1,1/27/2025,02:40.3
2771,19,card,35.76,Latte,Night,Mon,Jan,1,1,1/27/2025,03:45.5
2772,8,card,35.76,Latte,Morning,Tue,Jan,2,1,1/28/2025,26:36.8
2773,9,card,25.96,Americano,Morning,Tue,Jan,2,1,1/28/2025,33:17.1
2774,11,card,30.86,Americano with Milk,Morning,Tue,Jan,2,1,1/28/2025,56:26.9
2775,12,card,25.96,Americano,Afternoon,Tue,Jan,2,1,1/28/2025,22:01.2
2776,16,card,35.76,Cocoa,Afternoon,Tue,Jan,2,1,1/28/2025,19:07.6
2777,16,card,25.96,Cortado,Afternoon,Tue,Jan,2,1,1/28/2025,20:44.7
2778,17,card,25.96,Americano,Night,Tue,Jan,2,1,1/28/2025,40:00.9
2779,20,card,35.76,Latte,Night,Tue,Jan,2,1,1/28/2025,11:50.9
2780,20,card,35.76,Cappuccino,Night,Tue,Jan,2,1,1/28/2025,13:45.2
2781,9,card,25.96,Americano,Morning,Wed,Jan,3,1,1/29/2025,38:47.2
2782,16,card,25.96,Americano,Afternoon,Wed,Jan,3,1,1/29/2025,25:36.8
2783,19,card,30.86,Americano with Milk,Night,Wed,Jan,3,1,1/29/2025,19:08.3
2784,19,card,21.06,Espresso,Night,Wed,Jan,3,1,1/29/2025,20:34.7
2785,9,card,30.86,Americano with Milk,Morning,Thu,Jan,4,1,1/30/2025,18:05.5
2786,10,card,30.86,Americano with Milk,Morning,Thu,Jan,4,1,1/30/2025,12:33.9
2787,11,card,25.96,Cortado,Morning,Thu,Jan,4,1,1/30/2025,26:29.2
2788,12,card,35.76,Hot Chocolate,Afternoon,Thu,Jan,4,1,1/30/2025,42:15.7
2789,13,card,25.96,Americano,Afternoon,Thu,Jan,4,1,1/30/2025,02:00.7
2790,14,card,30.86,Americano with Milk,Afternoon,Thu,Jan,4,1,1/30/2025,41:42.3
2791,17,card,35.76,Hot Chocolate,Night,Thu,Jan,4,1,1/30/2025,18:48.4
2792,18,card,30.86,Americano with Milk,Night,Thu,Jan,4,1,1/30/2025,24:06.7
2793,18,card,25.96,Cortado,Night,Thu,Jan,4,1,1/30/2025,41:49.7
2794,8,card,25.96,Americano,Morning,Fri,Jan,5,1,1/31/2025,40:51.4
2795,8,card,30.86,Americano with Milk,Morning,Fri,Jan,5,1,1/31/2025,41:44.7
2796,9,card,30.86,Americano with Milk,Morning,Fri,Jan,5,1,1/31/2025,17:14.8
2797,9,card,35.76,Cocoa,Morning,Fri,Jan,5,1,1/31/2025,20:11.0
2798,9,card,35.76,Cappuccino,Morning,Fri,Jan,5,1,1/31/2025,26:46.8
2799,9,card,35.76,Cappuccino,Morning,Fri,Jan,5,1,1/31/2025,27:47.7
2800,12,card,35.76,Latte,Afternoon,Fri,Jan,5,1,1/31/2025,31:01.2
2801,12,card,35.76,Latte,Afternoon,Fri,Jan,5,1,1/31/2025,54:25.7
2802,14,card,35.76,Cappuccino,Afternoon,Fri,Jan,5,1,1/31/2025,02:58.3
2803,16,card,30.86,Americano with Milk,Afternoon,Fri,Jan,5,1,1/31/2025,48:34.0
2804,22,card,30.86,Americano with Milk,Night,Fri,Jan,5,1,1/31/2025,35:58.8
2805,22,card,25.96,Americano,Night,Fri,Jan,5,1,1/31/2025,37:02.0
2806,8,card,30.86,Americano with Milk,Morning,Sat,Feb,6,2,2/1/2025,50:23.6
2807,10,card,30.86,Americano with Milk,Morning,Sat,Feb,6,2,2/1/2025,07:22.8
2808,13,card,25.96,Cortado,Afternoon,Sat,Feb,6,2,2/1/2025,14:46.6
2809,13,card,25.96,Cortado,Afternoon,Sat,Feb,6,2,2/1/2025,15:29.2
2810,14,card,35.76,Cappuccino,Afternoon,Sat,Feb,6,2,2/1/2025,35:18.9
2811,14,card,35.76,Cappuccino,Afternoon,Sat,Feb,6,2,2/1/2025,36:16.6
2812,15,card,35.76,Latte,Afternoon,Sat,Feb,6,2,2/1/2025,49:59.0
2813,18,card,35.76,Cappuccino,Night,Sat,Feb,6,2,2/1/2025,57:14.4
2814,19,card,30.86,Americano with Milk,Night,Sat,Feb,6,2,2/1/2025,53:15.5
2815,19,card,30.86,Americano with Milk,Night,Sat,Feb,6,2,2/1/2025,54:24.1
2816,21,card,30.86,Americano with Milk,Night,Sat,Feb,6,2,2/1/2025,37:01.8
2817,10,card,35.76,Cappuccino,Morning,Sun,Feb,7,2,2/2/2025,56:21.9
2818,10,card,35.76,Cappuccino,Morning,Sun,Feb,7,2,2/2/2025,57:37.8
2819,12,card,35.76,Latte,Afternoon,Sun,Feb,7,2,2/2/2025,54:32.2
2820,12,card,35.76,Latte,Afternoon,Sun,Feb,7,2,2/2/2025,56:04.7
2821,14,card,30.86,Americano with Milk,Afternoon,Sun,Feb,7,2,2/2/2025,22:57.3
2822,16,card,35.76,Latte,Afternoon,Sun,Feb,7,2,2/2/2025,45:07.9
2823,16,card,35.76,Latte,Afternoon,Sun,Feb,7,2,2/2/2025,46:57.2
2824,7,card,35.76,Cappuccino,Morning,Mon,Feb,1,2,2/3/2025,03:24.8
2825,7,card,30.86,Americano with Milk,Morning,Mon,Feb,1,2,2/3/2025,04:56.6
2826,8,card,21.06,Espresso,Morning,Mon,Feb,1,2,2/3/2025,04:03.6
2827,8,card,30.86,Americano with Milk,Morning,Mon,Feb,1,2,2/3/2025,09:09.0
2828,10,card,25.96,Americano,Morning,Mon,Feb,1,2,2/3/2025,15:38.6
2829,10,card,35.76,Cappuccino,Morning,Mon,Feb,1,2,2/3/2025,22:18.4
2830,10,card,30.86,Americano with Milk,Morning,Mon,Feb,1,2,2/3/2025,49:58.7
2831,13,card,35.76,Cappuccino,Afternoon,Mon,Feb,1,2,2/3/2025,25:02.1
2832,13,card,35.76,Cappuccino,Afternoon,Mon,Feb,1,2,2/3/2025,32:53.7
2833,13,card,25.96,Americano,Afternoon,Mon,Feb,1,2,2/3/2025,51:03.3
2834,14,card,25.96,Americano,Afternoon,Mon,Feb,1,2,2/3/2025,06:36.5
2835,14,card,35.76,Latte,Afternoon,Mon,Feb,1,2,2/3/2025,47:02.2
2836,14,card,35.76,Latte,Afternoon,Mon,Feb,1,2,2/3/2025,50:20.6
2837,15,card,35.76,Latte,Afternoon,Mon,Feb,1,2,2/3/2025,01:44.6
2838,15,card,25.96,Americano,Afternoon,Mon,Feb,1,2,2/3/2025,41:27.2
2839,17,card,35.76,Cocoa,Night,Mon,Feb,1,2,2/3/2025,01:26.9
2840,17,card,30.86,Americano with Milk,Night,Mon,Feb,1,2,2/3/2025,09:55.1
2841,17,card,30.86,Americano with Milk,Night,Mon,Feb,1,2,2/3/2025,11:07.2
2842,17,card,30.86,Americano with Milk,Night,Mon,Feb,1,2,2/3/2025,12:05.2
2843,17,card,35.76,Hot Chocolate,Night,Mon,Feb,1,2,2/3/2025,13:21.5
2844,17,card,35.76,Latte,Night,Mon,Feb,1,2,2/3/2025,14:18.4
2845,17,card,35.76,Hot Chocolate,Night,Mon,Feb,1,2,2/3/2025,15:40.9
2846,17,card,30.86,Americano with Milk,Night,Mon,Feb,1,2,2/3/2025,44:17.7
2847,18,card,25.96,Americano,Night,Mon,Feb,1,2,2/3/2025,09:00.5
2848,20,card,35.76,Cocoa,Night,Mon,Feb,1,2,2/3/2025,44:14.1
2849,10,card,30.86,Americano with Milk,Morning,Tue,Feb,2,2,2/4/2025,04:56.8
2850,10,card,25.96,Americano,Morning,Tue,Feb,2,2,2/4/2025,11:31.3
2851,12,card,30.86,Americano with Milk,Afternoon,Tue,Feb,2,2,2/4/2025,35:58.3
2852,13,card,25.96,Cortado,Afternoon,Tue,Feb,2,2,2/4/2025,07:39.0
2853,14,card,25.96,Americano,Afternoon,Tue,Feb,2,2,2/4/2025,15:14.0
2854,14,card,30.86,Americano with Milk,Afternoon,Tue,Feb,2,2,2/4/2025,17:36.5
2855,14,card,25.96,Americano,Afternoon,Tue,Feb,2,2,2/4/2025,19:48.5
2856,18,card,30.86,Americano with Milk,Night,Tue,Feb,2,2,2/4/2025,13:41.8
2857,19,card,35.76,Cocoa,Night,Tue,Feb,2,2,2/4/2025,05:21.9
2858,19,card,35.76,Cocoa,Night,Tue,Feb,2,2,2/4/2025,09:36.7
2859,19,card,35.76,Cocoa,Night,Tue,Feb,2,2,2/4/2025,10:27.6
2860,19,card,25.96,Cortado,Night,Tue,Feb,2,2,2/4/2025,27:27.3
2861,8,card,30.86,Americano with Milk,Morning,Wed,Feb,3,2,2/5/2025,42:10.5
2862,9,card,30.86,Americano with Milk,Morning,Wed,Feb,3,2,2/5/2025,10:43.7
2863,11,card,25.96,Americano,Morning,Wed,Feb,3,2,2/5/2025,49:35.8
2864,11,card,25.96,Americano,Morning,Wed,Feb,3,2,2/5/2025,50:41.6
2865,11,card,25.96,Americano,Morning,Wed,Feb,3,2,2/5/2025,51:45.4
2866,11,card,30.86,Americano with Milk,Morning,Wed,Feb,3,2,2/5/2025,58:36.4
2867,12,card,25.96,Americano,Afternoon,Wed,Feb,3,2,2/5/2025,10:46.9
2868,13,card,25.96,Americano,Afternoon,Wed,Feb,3,2,2/5/2025,20:46.2
2869,13,card,21.06,Espresso,Afternoon,Wed,Feb,3,2,2/5/2025,43:42.8
2870,13,card,21.06,Espresso,Afternoon,Wed,Feb,3,2,2/5/2025,44:29.3
2871,14,card,35.76,Cappuccino,Afternoon,Wed,Feb,3,2,2/5/2025,57:52.7
2872,15,card,35.76,Cappuccino,Afternoon,Wed,Feb,3,2,2/5/2025,50:58.8
2873,16,card,35.76,Hot Chocolate,Afternoon,Wed,Feb,3,2,2/5/2025,34:20.4
2874,16,card,35.76,Latte,Afternoon,Wed,Feb,3,2,2/5/2025,35:33.0
2875,16,card,35.76,Latte,Afternoon,Wed,Feb,3,2,2/5/2025,36:34.2
2876,16,card,35.76,Cocoa,Afternoon,Wed,Feb,3,2,2/5/2025,39:01.7
2877,16,card,35.76,Hot Chocolate,Afternoon,Wed,Feb,3,2,2/5/2025,41:10.0
2878,18,card,35.76,Cappuccino,Night,Wed,Feb,3,2,2/5/2025,18:34.4
2879,18,card,35.76,Cappuccino,Night,Wed,Feb,3,2,2/5/2025,19:49.1
2880,18,card,35.76,Cocoa,Night,Wed,Feb,3,2,2/5/2025,20:51.5
2881,18,card,30.86,Americano with Milk,Night,Wed,Feb,3,2,2/5/2025,25:29.3
2882,18,card,35.76,Cappuccino,Night,Wed,Feb,3,2,2/5/2025,45:42.1
2883,19,card,35.76,Hot Chocolate,Night,Wed,Feb,3,2,2/5/2025,06:46.3
2884,20,card,35.76,Cocoa,Night,Wed,Feb,3,2,2/5/2025,03:20.6
2885,7,card,30.86,Americano with Milk,Morning,Thu,Feb,4,2,2/6/2025,16:48.6
2886,13,card,25.96,Americano,Afternoon,Thu,Feb,4,2,2/6/2025,59:21.5
2887,14,card,30.86,Americano with Milk,Afternoon,Thu,Feb,4,2,2/6/2025,55:31.6
2888,14,card,35.76,Cappuccino,Afternoon,Thu,Feb,4,2,2/6/2025,59:22.4
2889,16,card,35.76,Cocoa,Afternoon,Thu,Feb,4,2,2/6/2025,14:49.8
2890,17,card,35.76,Cocoa,Night,Thu,Feb,4,2,2/6/2025,09:45.6
2891,17,card,35.76,Cocoa,Night,Thu,Feb,4,2,2/6/2025,54:25.0
2892,19,card,35.76,Cappuccino,Night,Thu,Feb,4,2,2/6/2025,53:12.7
2893,19,card,21.06,Espresso,Night,Thu,Feb,4,2,2/6/2025,55:06.5
2894,20,card,35.76,Cocoa,Night,Thu,Feb,4,2,2/6/2025,06:59.3
2895,20,card,35.76,Cocoa,Night,Thu,Feb,4,2,2/6/2025,07:47.1
2896,20,card,35.76,Latte,Night,Thu,Feb,4,2,2/6/2025,23:13.5
2897,8,card,30.86,Americano with Milk,Morning,Fri,Feb,5,2,2/7/2025,44:50.0
2898,9,card,30.86,Americano with Milk,Morning,Fri,Feb,5,2,2/7/2025,07:04.7
2899,10,card,25.96,Americano,Morning,Fri,Feb,5,2,2/7/2025,49:23.2
2900,12,card,35.76,Cocoa,Afternoon,Fri,Feb,5,2,2/7/2025,09:38.6
2901,12,card,30.86,Americano with Milk,Afternoon,Fri,Feb,5,2,2/7/2025,51:22.4
2902,12,card,25.96,Americano,Afternoon,Fri,Feb,5,2,2/7/2025,58:51.8
2903,16,card,25.96,Cortado,Afternoon,Fri,Feb,5,2,2/7/2025,04:10.9
2904,16,card,35.76,Latte,Afternoon,Fri,Feb,5,2,2/7/2025,22:13.1
2905,16,card,35.76,Hot Chocolate,Afternoon,Fri,Feb,5,2,2/7/2025,23:14.1
2906,16,card,35.76,Latte,Afternoon,Fri,Feb,5,2,2/7/2025,24:35.2
2907,18,card,35.76,Cocoa,Night,Fri,Feb,5,2,2/7/2025,42:36.7
2908,18,card,35.76,Cocoa,Night,Fri,Feb,5,2,2/7/2025,43:36.1
2909,18,card,25.96,Cortado,Night,Fri,Feb,5,2,2/7/2025,44:30.8
2910,18,card,35.76,Cocoa,Night,Fri,Feb,5,2,2/7/2025,45:23.1
2911,20,card,35.76,Cocoa,Night,Fri,Feb,5,2,2/7/2025,10:59.4
2912,20,card,25.96,Cortado,Night,Fri,Feb,5,2,2/7/2025,30:56.9
2913,9,card,25.96,Americano,Morning,Sat,Feb,6,2,2/8/2025,01:42.9
2914,10,card,30.86,Americano with Milk,Morning,Sat,Feb,6,2,2/8/2025,56:17.1
2915,11,card,25.96,Cortado,Morning,Sat,Feb,6,2,2/8/2025,02:41.4
2916,11,card,25.96,Americano,Morning,Sat,Feb,6,2,2/8/2025,39:33.9
2917,12,card,25.96,Americano,Afternoon,Sat,Feb,6,2,2/8/2025,46:12.8
2918,13,card,25.96,Americano,Afternoon,Sat,Feb,6,2,2/8/2025,26:47.6
2919,15,card,25.96,Americano,Afternoon,Sat,Feb,6,2,2/8/2025,07:04.2
2920,15,card,25.96,Americano,Afternoon,Sat,Feb,6,2,2/8/2025,08:09.2
2921,8,card,35.76,Cocoa,Morning,Sun,Feb,7,2,2/9/2025,49:24.1
2922,10,card,30.86,Americano with Milk,Morning,Sun,Feb,7,2,2/9/2025,31:09.2
2923,10,card,25.96,Americano,Morning,Sun,Feb,7,2,2/9/2025,51:28.0
2924,12,card,35.76,Latte,Afternoon,Sun,Feb,7,2,2/9/2025,05:05.0
2925,15,card,35.76,Cocoa,Afternoon,Sun,Feb,7,2,2/9/2025,13:09.2
2926,15,card,35.76,Latte,Afternoon,Sun,Feb,7,2,2/9/2025,14:02.3
2927,15,card,35.76,Hot Chocolate,Afternoon,Sun,Feb,7,2,2/9/2025,15:57.9
2928,15,card,35.76,Cocoa,Afternoon,Sun,Feb,7,2,2/9/2025,16:52.2
2929,16,card,25.96,Cortado,Afternoon,Sun,Feb,7,2,2/9/2025,20:18.8
2930,7,card,25.96,Americano,Morning,Mon,Feb,1,2,2/10/2025,01:46.6
2931,8,card,25.96,Americano,Morning,Mon,Feb,1,2,2/10/2025,16:32.1
2932,8,card,25.96,Americano,Morning,Mon,Feb,1,2,2/10/2025,24:56.4
2933,11,card,30.86,Americano with Milk,Morning,Mon,Feb,1,2,2/10/2025,11:43.0
2934,13,card,25.96,Americano,Afternoon,Mon,Feb,1,2,2/10/2025,08:50.2
2935,13,card,35.76,Cocoa,Afternoon,Mon,Feb,1,2,2/10/2025,11:06.0
2936,13,card,30.86,Americano with Milk,Afternoon,Mon,Feb,1,2,2/10/2025,26:54.7
2937,13,card,25.96,Americano,Afternoon,Mon,Feb,1,2,2/10/2025,40:13.3
2938,14,card,35.76,Latte,Afternoon,Mon,Feb,1,2,2/10/2025,01:52.0
2939,14,card,25.96,Americano,Afternoon,Mon,Feb,1,2,2/10/2025,07:41.4
2940,14,card,35.76,Cocoa,Afternoon,Mon,Feb,1,2,2/10/2025,11:46.5
2941,14,card,35.76,Cocoa,Afternoon,Mon,Feb,1,2,2/10/2025,15:44.6
2942,15,card,35.76,Cappuccino,Afternoon,Mon,Feb,1,2,2/10/2025,01:54.9
2943,15,card,30.86,Americano with Milk,Afternoon,Mon,Feb,1,2,2/10/2025,14:01.2
2944,15,card,35.76,Latte,Afternoon,Mon,Feb,1,2,2/10/2025,46:02.6
2945,15,card,35.76,Hot Chocolate,Afternoon,Mon,Feb,1,2,2/10/2025,47:44.1
2946,16,card,35.76,Cocoa,Afternoon,Mon,Feb,1,2,2/10/2025,20:55.0
2947,17,card,25.96,Americano,Night,Mon,Feb,1,2,2/10/2025,12:02.4
2948,18,card,30.86,Americano with Milk,Night,Mon,Feb,1,2,2/10/2025,27:14.6
2949,19,card,35.76,Latte,Night,Mon,Feb,1,2,2/10/2025,14:01.5
2950,19,card,35.76,Latte,Night,Mon,Feb,1,2,2/10/2025,14:53.5
2951,10,card,25.96,Americano,Morning,Tue,Feb,2,2,2/11/2025,38:26.0
2952,11,card,25.96,Americano,Morning,Tue,Feb,2,2,2/11/2025,19:15.5
2953,11,card,30.86,Americano with Milk,Morning,Tue,Feb,2,2,2/11/2025,20:12.2
2954,11,card,35.76,Cocoa,Morning,Tue,Feb,2,2,2/11/2025,21:08.0
2955,15,card,35.76,Hot Chocolate,Afternoon,Tue,Feb,2,2,2/11/2025,56:49.9
2956,16,card,30.86,Americano with Milk,Afternoon,Tue,Feb,2,2,2/11/2025,09:08.4
2957,16,card,21.06,Espresso,Afternoon,Tue,Feb,2,2,2/11/2025,49:41.0
2958,17,card,35.76,Latte,Night,Tue,Feb,2,2,2/11/2025,35:34.9
2959,17,card,30.86,Americano with Milk,Night,Tue,Feb,2,2,2/11/2025,36:42.2
2960,17,card,30.86,Americano with Milk,Night,Tue,Feb,2,2,2/11/2025,44:12.6
2961,17,card,25.96,Americano,Night,Tue,Feb,2,2,2/11/2025,50:40.4
2962,17,card,30.86,Americano with Milk,Night,Tue,Feb,2,2,2/11/2025,54:37.8
2963,19,card,35.76,Latte,Night,Tue,Feb,2,2,2/11/2025,04:11.0
2964,19,card,35.76,Cocoa,Night,Tue,Feb,2,2,2/11/2025,05:03.8
2965,7,card,35.76,Cappuccino,Morning,Wed,Feb,3,2,2/12/2025,16:57.2
2966,7,card,25.96,Americano,Morning,Wed,Feb,3,2,2/12/2025,35:37.6
2967,8,card,35.76,Cocoa,Morning,Wed,Feb,3,2,2/12/2025,54:35.8
2968,9,card,30.86,Americano with Milk,Morning,Wed,Feb,3,2,2/12/2025,19:45.9
2969,10,card,25.96,Americano,Morning,Wed,Feb,3,2,2/12/2025,43:13.5
2970,12,card,25.96,Americano,Afternoon,Wed,Feb,3,2,2/12/2025,43:29.1
2971,13,card,25.96,Americano,Afternoon,Wed,Feb,3,2,2/12/2025,08:09.3
2972,13,card,35.76,Hot Chocolate,Afternoon,Wed,Feb,3,2,2/12/2025,41:39.7
2973,15,card,35.76,Hot Chocolate,Afternoon,Wed,Feb,3,2,2/12/2025,41:24.8
2974,15,card,35.76,Latte,Afternoon,Wed,Feb,3,2,2/12/2025,42:16.6
2975,15,card,35.76,Hot Chocolate,Afternoon,Wed,Feb,3,2,2/12/2025,43:34.5
2976,16,card,25.96,Americano,Afternoon,Wed,Feb,3,2,2/12/2025,12:58.4
2977,16,card,25.96,Americano,Afternoon,Wed,Feb,3,2,2/12/2025,26:08.5
2978,17,card,35.76,Cappuccino,Night,Wed,Feb,3,2,2/12/2025,05:32.0
2979,17,card,25.96,Americano,Night,Wed,Feb,3,2,2/12/2025,42:51.5
2980,20,card,35.76,Latte,Night,Wed,Feb,3,2,2/12/2025,05:40.7
2981,20,card,35.76,Cocoa,Night,Wed,Feb,3,2,2/12/2025,23:13.4
2982,21,card,35.76,Cappuccino,Night,Wed,Feb,3,2,2/12/2025,17:04.3
2983,7,card,30.86,Americano with Milk,Morning,Thu,Feb,4,2,2/13/2025,38:47.9
2984,8,card,25.96,Americano,Morning,Thu,Feb,4,2,2/13/2025,45:57.1
2985,9,card,21.06,Espresso,Morning,Thu,Feb,4,2,2/13/2025,17:21.0
2986,9,card,35.76,Cocoa,Morning,Thu,Feb,4,2,2/13/2025,36:05.1
2987,10,card,30.86,Americano with Milk,Morning,Thu,Feb,4,2,2/13/2025,29:32.7
2988,10,card,30.86,Americano with Milk,Morning,Thu,Feb,4,2,2/13/2025,59:27.0
2989,16,card,25.96,Americano,Afternoon,Thu,Feb,4,2,2/13/2025,30:39.2
2990,16,card,25.96,Americano,Afternoon,Thu,Feb,4,2,2/13/2025,31:33.7
2991,17,card,30.86,Americano with Milk,Night,Thu,Feb,4,2,2/13/2025,16:11.6
2992,17,card,30.86,Americano with Milk,Night,Thu,Feb,4,2,2/13/2025,17:20.2
2993,18,card,35.76,Latte,Night,Thu,Feb,4,2,2/13/2025,01:35.5
2994,18,card,35.76,Cappuccino,Night,Thu,Feb,4,2,2/13/2025,15:08.6
2995,19,card,35.76,Latte,Night,Thu,Feb,4,2,2/13/2025,06:30.4
2996,11,card,25.96,Americano,Morning,Fri,Feb,5,2,2/14/2025,38:55.7
2997,14,card,35.76,Hot Chocolate,Afternoon,Fri,Feb,5,2,2/14/2025,07:09.3
2998,14,card,25.96,Americano,Afternoon,Fri,Feb,5,2,2/14/2025,45:59.8
2999,14,card,21.06,Espresso,Afternoon,Fri,Feb,5,2,2/14/2025,46:45.1
3000,14,card,30.86,Americano with Milk,Afternoon,Fri,Feb,5,2,2/14/2025,58:12.2
3001,15,card,35.76,Cappuccino,Afternoon,Fri,Feb,5,2,2/14/2025,00:16.7
3002,15,card,35.76,Cappuccino,Afternoon,Fri,Feb,5,2,2/14/2025,36:40.9
3003,15,card,35.76,Latte,Afternoon,Fri,Feb,5,2,2/14/2025,38:47.5
3004,15,card,35.76,Hot Chocolate,Afternoon,Fri,Feb,5,2,2/14/2025,53:56.5
3005,15,card,35.76,Cappuccino,Afternoon,Fri,Feb,5,2,2/14/2025,54:57.2
3006,17,card,25.96,Americano,Night,Fri,Feb,5,2,2/14/2025,03:16.1
3007,17,card,35.76,Cocoa,Night,Fri,Feb,5,2,2/14/2025,04:29.5
3008,17,card,21.06,Espresso,Night,Fri,Feb,5,2,2/14/2025,09:07.6
3009,17,card,30.86,Americano with Milk,Night,Fri,Feb,5,2,2/14/2025,25:24.9
3010,21,card,25.96,Americano,Night,Fri,Feb,5,2,2/14/2025,18:30.0
3011,9,card,35.76,Cappuccino,Morning,Sat,Feb,6,2,2/15/2025,22:51.9
3012,12,card,35.76,Cappuccino,Afternoon,Sat,Feb,6,2,2/15/2025,41:53.8
3013,12,card,25.96,Americano,Afternoon,Sat,Feb,6,2,2/15/2025,44:26.6
3014,13,card,30.86,Americano with Milk,Afternoon,Sat,Feb,6,2,2/15/2025,02:19.9
3015,13,card,30.86,Americano with Milk,Afternoon,Sat,Feb,6,2,2/15/2025,32:05.7
3016,14,card,35.76,Cappuccino,Afternoon,Sat,Feb,6,2,2/15/2025,01:51.2
3017,14,card,25.96,Americano,Afternoon,Sat,Feb,6,2,2/15/2025,11:53.9
3018,15,card,35.76,Hot Chocolate,Afternoon,Sat,Feb,6,2,2/15/2025,40:07.7
3019,15,card,35.76,Hot Chocolate,Afternoon,Sat,Feb,6,2,2/15/2025,40:59.4
3020,10,card,25.96,Americano,Morning,Sun,Feb,7,2,2/16/2025,46:43.2
3021,10,card,25.96,Americano,Morning,Sun,Feb,7,2,2/16/2025,50:00.6
3022,10,card,30.86,Americano with Milk,Morning,Sun,Feb,7,2,2/16/2025,51:04.0
3023,11,card,35.76,Hot Chocolate,Morning,Sun,Feb,7,2,2/16/2025,04:47.9
3024,11,card,25.96,Americano,Morning,Sun,Feb,7,2,2/16/2025,32:29.1
3025,14,card,35.76,Hot Chocolate,Afternoon,Sun,Feb,7,2,2/16/2025,15:37.0
3026,14,card,35.76,Latte,Afternoon,Sun,Feb,7,2,2/16/2025,16:41.1
3027,17,card,35.76,Hot Chocolate,Night,Sun,Feb,7,2,2/16/2025,12:27.4
3028,17,card,30.86,Americano with Milk,Night,Sun,Feb,7,2,2/16/2025,13:33.0
3029,17,card,30.86,Americano with Milk,Night,Sun,Feb,7,2,2/16/2025,44:32.8
3030,6,card,35.76,Cappuccino,Morning,Mon,Feb,1,2,2/17/2025,50:04.5
3031,8,card,25.96,Americano,Morning,Mon,Feb,1,2,2/17/2025,53:13.8
3032,9,card,25.96,Americano,Morning,Mon,Feb,1,2,2/17/2025,00:55.1
3033,9,card,30.86,Americano with Milk,Morning,Mon,Feb,1,2,2/17/2025,28:06.6
3034,9,card,35.76,Hot Chocolate,Morning,Mon,Feb,1,2,2/17/2025,56:59.2
3035,10,card,30.86,Americano with Milk,Morning,Mon,Feb,1,2,2/17/2025,20:12.1
3036,10,card,25.96,Americano,Morning,Mon,Feb,1,2,2/17/2025,44:48.0
3037,11,card,30.86,Americano with Milk,Morning,Mon,Feb,1,2,2/17/2025,53:58.6
3038,11,card,21.06,Espresso,Morning,Mon,Feb,1,2,2/17/2025,55:02.2
3039,12,card,35.76,Cappuccino,Afternoon,Mon,Feb,1,2,2/17/2025,48:58.3
3040,14,card,35.76,Latte,Afternoon,Mon,Feb,1,2,2/17/2025,23:01.9
3041,15,card,30.86,Americano with Milk,Afternoon,Mon,Feb,1,2,2/17/2025,05:41.7
3042,15,card,35.76,Latte,Afternoon,Mon,Feb,1,2,2/17/2025,33:19.6
3043,16,card,21.06,Espresso,Afternoon,Mon,Feb,1,2,2/17/2025,19:06.4
3044,16,card,25.96,Americano,Afternoon,Mon,Feb,1,2,2/17/2025,22:42.0
3045,17,card,30.86,Americano with Milk,Night,Mon,Feb,1,2,2/17/2025,31:14.1
3046,18,card,25.96,Americano,Night,Mon,Feb,1,2,2/17/2025,23:52.6
3047,19,card,25.96,Americano,Night,Mon,Feb,1,2,2/17/2025,13:51.8
3048,19,card,25.96,Americano,Night,Mon,Feb,1,2,2/17/2025,15:00.9
3049,20,card,35.76,Latte,Night,Mon,Feb,1,2,2/17/2025,18:17.5
3050,8,card,25.96,Americano,Morning,Tue,Feb,2,2,2/18/2025,53:08.7
3051,8,card,25.96,Americano,Morning,Tue,Feb,2,2,2/18/2025,54:14.5
3052,11,card,25.96,Americano,Morning,Tue,Feb,2,2,2/18/2025,07:35.3
3053,11,card,25.96,Americano,Morning,Tue,Feb,2,2,2/18/2025,30:06.2
3054,11,card,30.86,Americano with Milk,Morning,Tue,Feb,2,2,2/18/2025,38:23.5
3055,12,card,30.86,Americano with Milk,Afternoon,Tue,Feb,2,2,2/18/2025,15:26.6
3056,13,card,35.76,Cocoa,Afternoon,Tue,Feb,2,2,2/18/2025,04:27.2
3057,13,card,25.96,Americano,Afternoon,Tue,Feb,2,2,2/18/2025,25:45.1
3058,13,card,30.86,Americano with Milk,Afternoon,Tue,Feb,2,2,2/18/2025,27:05.3
3059,17,card,35.76,Hot Chocolate,Night,Tue,Feb,2,2,2/18/2025,05:28.0
3060,17,card,30.86,Americano with Milk,Night,Tue,Feb,2,2,2/18/2025,08:19.3
3061,17,card,21.06,Espresso,Night,Tue,Feb,2,2,2/18/2025,09:17.3
3062,17,card,35.76,Cocoa,Night,Tue,Feb,2,2,2/18/2025,10:22.9
3063,17,card,35.76,Cocoa,Night,Tue,Feb,2,2,2/18/2025,11:35.7
3064,19,card,35.76,Cocoa,Night,Tue,Feb,2,2,2/18/2025,36:27.3
3065,20,card,35.76,Cocoa,Night,Tue,Feb,2,2,2/18/2025,06:56.2
3066,20,card,35.76,Hot Chocolate,Night,Tue,Feb,2,2,2/18/2025,58:12.6
3067,21,card,30.86,Americano with Milk,Night,Tue,Feb,2,2,2/18/2025,01:59.6
3068,8,card,35.76,Cappuccino,Morning,Wed,Feb,3,2,2/19/2025,08:53.0
3069,8,card,25.96,Americano,Morning,Wed,Feb,3,2,2/19/2025,09:54.1
3070,8,card,25.96,Americano,Morning,Wed,Feb,3,2,2/19/2025,47:32.8
3071,9,card,35.76,Cappuccino,Morning,Wed,Feb,3,2,2/19/2025,24:32.0
3072,10,card,25.96,Americano,Morning,Wed,Feb,3,2,2/19/2025,09:51.0
3073,10,card,35.76,Hot Chocolate,Morning,Wed,Feb,3,2,2/19/2025,19:01.3
3074,10,card,30.86,Americano with Milk,Morning,Wed,Feb,3,2,2/19/2025,40:51.6
3075,12,card,25.96,Americano,Afternoon,Wed,Feb,3,2,2/19/2025,45:06.1
3076,12,card,35.76,Cocoa,Afternoon,Wed,Feb,3,2,2/19/2025,46:04.0
3077,13,card,25.96,Americano,Afternoon,Wed,Feb,3,2,2/19/2025,06:54.4
3078,15,card,35.76,Cappuccino,Afternoon,Wed,Feb,3,2,2/19/2025,50:42.8
3079,17,card,25.96,Americano,Night,Wed,Feb,3,2,2/19/2025,04:00.3
3080,17,card,35.76,Cappuccino,Night,Wed,Feb,3,2,2/19/2025,34:49.1
3081,17,card,30.86,Americano with Milk,Night,Wed,Feb,3,2,2/19/2025,57:52.0
3082,18,card,35.76,Cappuccino,Night,Wed,Feb,3,2,2/19/2025,35:38.8
3083,19,card,35.76,Latte,Night,Wed,Feb,3,2,2/19/2025,01:33.1
3084,19,card,35.76,Cocoa,Night,Wed,Feb,3,2,2/19/2025,11:50.0
3085,19,card,35.76,Hot Chocolate,Night,Wed,Feb,3,2,2/19/2025,12:42.8
3086,19,card,35.76,Latte,Night,Wed,Feb,3,2,2/19/2025,26:23.0
3087,20,card,35.76,Cocoa,Night,Wed,Feb,3,2,2/19/2025,05:28.4
3088,7,card,35.76,Cappuccino,Morning,Thu,Feb,4,2,2/20/2025,56:24.6
3089,9,card,25.96,Americano,Morning,Thu,Feb,4,2,2/20/2025,17:53.3
3090,10,card,35.76,Cappuccino,Morning,Thu,Feb,4,2,2/20/2025,16:40.4
3091,10,card,25.96,Americano,Morning,Thu,Feb,4,2,2/20/2025,17:38.7
3092,10,card,25.96,Americano,Morning,Thu,Feb,4,2,2/20/2025,20:24.9
3093,10,card,25.96,Americano,Morning,Thu,Feb,4,2,2/20/2025,24:23.5
3094,13,card,30.86,Americano with Milk,Afternoon,Thu,Feb,4,2,2/20/2025,02:19.8
3095,14,card,35.76,Latte,Afternoon,Thu,Feb,4,2,2/20/2025,20:33.1
3096,14,card,25.96,Americano,Afternoon,Thu,Feb,4,2,2/20/2025,37:59.8
3097,14,card,25.96,Americano,Afternoon,Thu,Feb,4,2,2/20/2025,38:49.3
3098,15,card,21.06,Espresso,Afternoon,Thu,Feb,4,2,2/20/2025,19:45.6
3099,16,card,35.76,Cappuccino,Afternoon,Thu,Feb,4,2,2/20/2025,05:49.5
3100,16,card,35.76,Cappuccino,Afternoon,Thu,Feb,4,2,2/20/2025,59:06.6
3101,17,card,35.76,Hot Chocolate,Night,Thu,Feb,4,2,2/20/2025,00:36.9
3102,17,card,25.96,Americano,Night,Thu,Feb,4,2,2/20/2025,07:28.0
3103,18,card,25.96,Americano,Night,Thu,Feb,4,2,2/20/2025,57:34.6
3104,19,card,35.76,Hot Chocolate,Night,Thu,Feb,4,2,2/20/2025,01:51.3
3105,19,card,35.76,Cocoa,Night,Thu,Feb,4,2,2/20/2025,07:25.6
3106,20,card,35.76,Latte,Night,Thu,Feb,4,2,2/20/2025,07:03.6
3107,6,card,25.96,Americano,Morning,Fri,Feb,5,2,2/21/2025,59:08.4
3108,9,card,35.76,Latte,Morning,Fri,Feb,5,2,2/21/2025,41:29.6
3109,9,card,35.76,Cappuccino,Morning,Fri,Feb,5,2,2/21/2025,49:20.9
3110,9,card,21.06,Espresso,Morning,Fri,Feb,5,2,2/21/2025,51:12.6
3111,10,card,25.96,Americano,Morning,Fri,Feb,5,2,2/21/2025,18:11.0
3112,11,card,30.86,Americano with Milk,Morning,Fri,Feb,5,2,2/21/2025,10:07.5
3113,12,card,25.96,Americano,Afternoon,Fri,Feb,5,2,2/21/2025,04:49.2
3114,12,card,25.96,Americano,Afternoon,Fri,Feb,5,2,2/21/2025,07:42.8
3115,12,card,25.96,Americano,Afternoon,Fri,Feb,5,2,2/21/2025,56:18.0
3116,12,card,25.96,Americano,Afternoon,Fri,Feb,5,2,2/21/2025,57:02.9
3117,13,card,25.96,Americano,Afternoon,Fri,Feb,5,2,2/21/2025,06:42.9
3118,14,card,25.96,Americano,Afternoon,Fri,Feb,5,2,2/21/2025,17:54.8
3119,15,card,35.76,Cappuccino,Afternoon,Fri,Feb,5,2,2/21/2025,18:31.3
3120,15,card,25.96,Americano,Afternoon,Fri,Feb,5,2,2/21/2025,45:54.2
3121,15,card,25.96,Americano,Afternoon,Fri,Feb,5,2,2/21/2025,46:48.3
3122,15,card,25.96,Americano,Afternoon,Fri,Feb,5,2,2/21/2025,52:48.0
3123,16,card,35.76,Cocoa,Afternoon,Fri,Feb,5,2,2/21/2025,10:06.1
3124,16,card,35.76,Latte,Afternoon,Fri,Feb,5,2,2/21/2025,46:58.7
3125,16,card,35.76,Hot Chocolate,Afternoon,Fri,Feb,5,2,2/21/2025,48:58.5
3126,16,card,35.76,Latte,Afternoon,Fri,Feb,5,2,2/21/2025,50:13.4
3127,19,card,35.76,Cocoa,Night,Fri,Feb,5,2,2/21/2025,08:18.8
3128,19,card,35.76,Cocoa,Night,Fri,Feb,5,2,2/21/2025,09:09.6
3129,19,card,35.76,Cappuccino,Night,Fri,Feb,5,2,2/21/2025,59:24.1
3130,10,card,35.76,Hot Chocolate,Morning,Sat,Feb,6,2,2/22/2025,52:18.7
3131,11,card,25.96,Americano,Morning,Sat,Feb,6,2,2/22/2025,28:30.5
3132,11,card,25.96,Americano,Morning,Sat,Feb,6,2,2/22/2025,41:12.8
3133,12,card,21.06,Espresso,Afternoon,Sat,Feb,6,2,2/22/2025,59:41.9
3134,15,card,30.86,Americano with Milk,Afternoon,Sat,Feb,6,2,2/22/2025,03:03.3
3135,10,card,30.86,Americano with Milk,Morning,Sun,Feb,7,2,2/23/2025,33:11.5
3136,12,card,30.86,Americano with Milk,Afternoon,Sun,Feb,7,2,2/23/2025,52:26.4
3137,12,card,30.86,Americano with Milk,Afternoon,Sun,Feb,7,2,2/23/2025,54:06.2
3138,13,card,35.76,Cappuccino,Afternoon,Sun,Feb,7,2,2/23/2025,50:21.6
3139,14,card,35.76,Cocoa,Afternoon,Sun,Feb,7,2,2/23/2025,02:03.4
3140,17,card,25.96,Americano,Night,Sun,Feb,7,2,2/23/2025,27:44.9
3141,9,card,30.86,Americano with Milk,Morning,Mon,Feb,1,2,2/24/2025,14:53.6
3142,9,card,35.76,Latte,Morning,Mon,Feb,1,2,2/24/2025,45:10.7
3143,10,card,25.96,Americano,Morning,Mon,Feb,1,2,2/24/2025,02:48.5
3144,10,card,30.86,Americano with Milk,Morning,Mon,Feb,1,2,2/24/2025,09:12.5
3145,10,card,30.86,Americano with Milk,Morning,Mon,Feb,1,2,2/24/2025,10:21.7
3146,10,card,35.76,Cocoa,Morning,Mon,Feb,1,2,2/24/2025,47:47.7
3147,12,card,35.76,Latte,Afternoon,Mon,Feb,1,2,2/24/2025,58:41.3
3148,13,card,35.76,Cocoa,Afternoon,Mon,Feb,1,2,2/24/2025,00:01.3
3149,15,card,30.86,Americano with Milk,Afternoon,Mon,Feb,1,2,2/24/2025,40:01.8
3150,16,card,35.76,Cocoa,Afternoon,Mon,Feb,1,2,2/24/2025,00:06.3
3151,16,card,35.76,Cappuccino,Afternoon,Mon,Feb,1,2,2/24/2025,10:24.0
3152,16,card,35.76,Latte,Afternoon,Mon,Feb,1,2,2/24/2025,28:52.1
3153,16,card,25.96,Americano,Afternoon,Mon,Feb,1,2,2/24/2025,59:38.5
3154,17,card,25.96,Americano,Night,Mon,Feb,1,2,2/24/2025,00:44.9
3155,17,card,30.86,Americano with Milk,Night,Mon,Feb,1,2,2/24/2025,37:38.9
3156,18,card,30.86,Americano with Milk,Night,Mon,Feb,1,2,2/24/2025,07:01.7
3157,18,card,35.76,Latte,Night,Mon,Feb,1,2,2/24/2025,21:57.2
3158,19,card,30.86,Americano with Milk,Night,Mon,Feb,1,2,2/24/2025,04:34.4
3159,19,card,35.76,Hot Chocolate,Night,Mon,Feb,1,2,2/24/2025,24:10.8
3160,19,card,35.76,Latte,Night,Mon,Feb,1,2,2/24/2025,24:54.4
3161,19,card,35.76,Cocoa,Night,Mon,Feb,1,2,2/24/2025,26:14.8
3162,20,card,35.76,Cocoa,Night,Mon,Feb,1,2,2/24/2025,14:51.3
3163,8,card,30.86,Americano with Milk,Morning,Tue,Feb,2,2,2/25/2025,00:39.3
3164,8,card,25.96,Americano,Morning,Tue,Feb,2,2,2/25/2025,49:21.1
3165,8,card,30.86,Americano with Milk,Morning,Tue,Feb,2,2,2/25/2025,50:14.3
3166,10,card,21.06,Espresso,Morning,Tue,Feb,2,2,2/25/2025,02:44.9
3167,11,card,25.96,Americano,Morning,Tue,Feb,2,2,2/25/2025,03:33.8
3168,11,card,25.96,Americano,Morning,Tue,Feb,2,2,2/25/2025,04:26.9
3169,12,card,35.76,Cappuccino,Afternoon,Tue,Feb,2,2,2/25/2025,20:41.5
3170,14,card,35.76,Cappuccino,Afternoon,Tue,Feb,2,2,2/25/2025,14:18.5
3171,16,card,25.96,Americano,Afternoon,Tue,Feb,2,2,2/25/2025,49:37.4
3172,16,card,25.96,Americano,Afternoon,Tue,Feb,2,2,2/25/2025,50:35.8
3173,18,card,35.76,Cocoa,Night,Tue,Feb,2,2,2/25/2025,19:09.1
3174,19,card,35.76,Cappuccino,Night,Tue,Feb,2,2,2/25/2025,32:40.4
3175,8,card,25.96,Americano,Morning,Wed,Feb,3,2,2/26/2025,57:37.2
3176,10,card,30.86,Americano with Milk,Morning,Wed,Feb,3,2,2/26/2025,11:27.1
3177,10,card,30.86,Americano with Milk,Morning,Wed,Feb,3,2,2/26/2025,12:25.5
3178,10,card,35.76,Hot Chocolate,Morning,Wed,Feb,3,2,2/26/2025,16:57.1
3179,13,card,35.76,Cocoa,Afternoon,Wed,Feb,3,2,2/26/2025,13:26.9
3180,13,card,35.76,Latte,Afternoon,Wed,Feb,3,2,2/26/2025,31:23.6
3181,15,card,25.96,Americano,Afternoon,Wed,Feb,3,2,2/26/2025,01:58.6
3182,15,card,25.96,Americano,Afternoon,Wed,Feb,3,2,2/26/2025,14:48.0
3183,15,card,25.96,Cortado,Afternoon,Wed,Feb,3,2,2/26/2025,17:24.5
3184,15,card,35.76,Hot Chocolate,Afternoon,Wed,Feb,3,2,2/26/2025,20:02.8
3185,15,card,25.96,Americano,Afternoon,Wed,Feb,3,2,2/26/2025,20:48.8
3186,15,card,25.96,Americano,Afternoon,Wed,Feb,3,2,2/26/2025,28:45.3
3187,16,card,35.76,Latte,Afternoon,Wed,Feb,3,2,2/26/2025,20:46.8
3188,16,card,35.76,Hot Chocolate,Afternoon,Wed,Feb,3,2,2/26/2025,55:13.6
3189,16,card,35.76,Latte,Afternoon,Wed,Feb,3,2,2/26/2025,55:59.6
3190,17,card,30.86,Americano with Milk,Night,Wed,Feb,3,2,2/26/2025,22:44.6
3191,18,card,35.76,Latte,Night,Wed,Feb,3,2,2/26/2025,11:24.1
3192,18,card,35.76,Cappuccino,Night,Wed,Feb,3,2,2/26/2025,13:50.4
3193,7,card,35.76,Cappuccino,Morning,Thu,Feb,4,2,2/27/2025,19:00.3
3194,7,card,35.76,Cappuccino,Morning,Thu,Feb,4,2,2/27/2025,21:00.6
3195,10,card,21.06,Espresso,Morning,Thu,Feb,4,2,2/27/2025,52:29.2
3196,11,card,35.76,Cocoa,Morning,Thu,Feb,4,2,2/27/2025,08:16.9
3197,12,card,35.76,Cocoa,Afternoon,Thu,Feb,4,2,2/27/2025,48:15.9
3198,13,card,30.86,Americano with Milk,Afternoon,Thu,Feb,4,2,2/27/2025,29:48.4
3199,14,card,25.96,Americano,Afternoon,Thu,Feb,4,2,2/27/2025,23:16.5
3200,14,card,35.76,Latte,Afternoon,Thu,Feb,4,2,2/27/2025,43:19.3
3201,15,card,25.96,Americano,Afternoon,Thu,Feb,4,2,2/27/2025,47:50.7
3202,16,card,25.96,Americano,Afternoon,Thu,Feb,4,2,2/27/2025,28:28.1
3203,17,card,25.96,Americano,Night,Thu,Feb,4,2,2/27/2025,12:56.0
3204,17,card,25.96,Americano,Night,Thu,Feb,4,2,2/27/2025,23:10.0
3205,17,card,35.76,Latte,Night,Thu,Feb,4,2,2/27/2025,53:13.1
3206,18,card,35.76,Latte,Night,Thu,Feb,4,2,2/27/2025,17:29.0
3207,18,card,35.76,Cappuccino,Night,Thu,Feb,4,2,2/27/2025,38:40.9
3208,18,card,35.76,Cocoa,Night,Thu,Feb,4,2,2/27/2025,40:01.8
3209,18,card,35.76,Cocoa,Night,Thu,Feb,4,2,2/27/2025,40:52.0
3210,19,card,35.76,Latte,Night,Thu,Feb,4,2,2/27/2025,14:15.6
3211,20,card,35.76,Cappuccino,Night,Thu,Feb,4,2,2/27/2025,02:07.2
3212,6,card,30.86,Americano with Milk,Morning,Fri,Feb,5,2,2/28/2025,52:45.6
3213,6,card,30.86,Americano with Milk,Morning,Fri,Feb,5,2,2/28/2025,55:00.0
3214,7,card,35.76,Cappuccino,Morning,Fri,Feb,5,2,2/28/2025,18:36.9
3215,8,card,21.06,Espresso,Morning,Fri,Feb,5,2,2/28/2025,09:57.8
3216,9,card,30.86,Americano with Milk,Morning,Fri,Feb,5,2,2/28/2025,02:38.1
3217,14,card,25.96,Americano,Afternoon,Fri,Feb,5,2,2/28/2025,44:28.1
3218,14,card,25.96,Americano,Afternoon,Fri,Feb,5,2,2/28/2025,45:22.0
3219,14,card,25.96,Americano,Afternoon,Fri,Feb,5,2,2/28/2025,47:52.3
3220,14,card,35.76,Latte,Afternoon,Fri,Feb,5,2,2/28/2025,52:02.2
3221,15,card,25.96,Americano,Afternoon,Fri,Feb,5,2,2/28/2025,19:18.7
3222,16,card,35.76,Cocoa,Afternoon,Fri,Feb,5,2,2/28/2025,22:27.4
3223,16,card,25.96,Americano,Afternoon,Fri,Feb,5,2,2/28/2025,30:06.7
3224,17,card,35.76,Latte,Night,Fri,Feb,5,2,2/28/2025,21:00.9
3225,17,card,30.86,Americano with Milk,Night,Fri,Feb,5,2,2/28/2025,31:04.3
3226,17,card,25.96,Americano,Night,Fri,Feb,5,2,2/28/2025,32:16.6
3227,17,card,25.96,Americano,Night,Fri,Feb,5,2,2/28/2025,33:49.1
3228,18,card,35.76,Latte,Night,Fri,Feb,5,2,2/28/2025,53:49.5
3229,10,card,35.76,Cappuccino,Morning,Sat,Mar,6,3,3/1/2025,31:45.7
3230,11,card,25.96,Americano,Morning,Sat,Mar,6,3,3/1/2025,24:04.5
3231,11,card,25.96,Americano,Morning,Sat,Mar,6,3,3/1/2025,27:58.4
3232,14,card,35.76,Latte,Afternoon,Sat,Mar,6,3,3/1/2025,43:23.8
3233,15,card,25.96,Americano,Afternoon,Sat,Mar,6,3,3/1/2025,02:31.5
3234,15,card,30.86,Americano with Milk,Afternoon,Sat,Mar,6,3,3/1/2025,08:20.2
3235,16,card,35.76,Cappuccino,Afternoon,Sat,Mar,6,3,3/1/2025,42:13.0
3236,17,card,25.96,Americano,Night,Sat,Mar,6,3,3/1/2025,08:33.5
3237,9,card,35.76,Cocoa,Morning,Sun,Mar,7,3,3/2/2025,58:15.3
3238,12,card,35.76,Latte,Afternoon,Sun,Mar,7,3,3/2/2025,17:36.4
3239,13,card,30.86,Americano with Milk,Afternoon,Sun,Mar,7,3,3/2/2025,36:19.5
3240,15,card,30.86,Americano with Milk,Afternoon,Sun,Mar,7,3,3/2/2025,22:17.5
3241,15,card,25.96,Americano,Afternoon,Sun,Mar,7,3,3/2/2025,23:15.7
3242,15,card,25.96,Americano,Afternoon,Sun,Mar,7,3,3/2/2025,24:45.2
3243,8,card,35.76,Cappuccino,Morning,Mon,Mar,1,3,3/3/2025,24:01.9
3244,9,card,35.76,Cocoa,Morning,Mon,Mar,1,3,3/3/2025,46:52.0
3245,9,card,35.76,Latte,Morning,Mon,Mar,1,3,3/3/2025,48:39.3
3246,10,card,35.76,Hot Chocolate,Morning,Mon,Mar,1,3,3/3/2025,21:24.6
3247,10,card,35.76,Hot Chocolate,Morning,Mon,Mar,1,3,3/3/2025,24:46.7
3248,12,card,35.76,Cappuccino,Afternoon,Mon,Mar,1,3,3/3/2025,58:08.1
3249,15,card,35.76,Latte,Afternoon,Mon,Mar,1,3,3/3/2025,11:01.2
3250,15,card,25.96,Americano,Afternoon,Mon,Mar,1,3,3/3/2025,47:58.8
3251,16,card,35.76,Cocoa,Afternoon,Mon,Mar,1,3,3/3/2025,14:50.5
3252,16,card,35.76,Latte,Afternoon,Mon,Mar,1,3,3/3/2025,16:35.2
3253,16,card,35.76,Latte,Afternoon,Mon,Mar,1,3,3/3/2025,18:27.1
3254,16,card,35.76,Cappuccino,Afternoon,Mon,Mar,1,3,3/3/2025,40:29.3
3255,16,card,35.76,Cappuccino,Afternoon,Mon,Mar,1,3,3/3/2025,42:22.6
3256,16,card,25.96,Americano,Afternoon,Mon,Mar,1,3,3/3/2025,52:11.6
3257,17,card,30.86,Americano with Milk,Night,Mon,Mar,1,3,3/3/2025,28:42.8
3258,17,card,25.96,Americano,Night,Mon,Mar,1,3,3/3/2025,31:22.4
3259,17,card,35.76,Hot Chocolate,Night,Mon,Mar,1,3,3/3/2025,32:18.4
3260,17,card,25.96,Americano,Night,Mon,Mar,1,3,3/3/2025,32:58.8
3261,17,card,35.76,Hot Chocolate,Night,Mon,Mar,1,3,3/3/2025,57:32.7
3262,17,card,35.76,Hot Chocolate,Night,Mon,Mar,1,3,3/3/2025,58:27.3
3263,18,card,30.86,Americano with Milk,Night,Mon,Mar,1,3,3/3/2025,03:05.0
3264,18,card,35.76,Latte,Night,Mon,Mar,1,3,3/3/2025,46:52.6
3265,7,card,35.76,Cappuccino,Morning,Tue,Mar,2,3,3/4/2025,19:21.9
3266,7,card,25.96,Americano,Morning,Tue,Mar,2,3,3/4/2025,31:55.4
3267,8,card,30.86,Americano with Milk,Morning,Tue,Mar,2,3,3/4/2025,51:45.3
3268,9,card,25.96,Americano,Morning,Tue,Mar,2,3,3/4/2025,09:31.9
3269,9,card,25.96,Americano,Morning,Tue,Mar,2,3,3/4/2025,10:22.2
3270,9,card,25.96,Americano,Morning,Tue,Mar,2,3,3/4/2025,58:37.2
3271,11,card,30.86,Americano with Milk,Morning,Tue,Mar,2,3,3/4/2025,04:02.0
3272,11,card,25.96,Americano,Morning,Tue,Mar,2,3,3/4/2025,05:07.0
3273,11,card,25.96,Americano,Morning,Tue,Mar,2,3,3/4/2025,46:41.1
3274,11,card,25.96,Americano,Morning,Tue,Mar,2,3,3/4/2025,47:24.5
3275,11,card,25.96,Americano,Morning,Tue,Mar,2,3,3/4/2025,51:34.8
3276,12,card,35.76,Cocoa,Afternoon,Tue,Mar,2,3,3/4/2025,25:59.2
3277,16,card,25.96,Americano,Afternoon,Tue,Mar,2,3,3/4/2025,48:58.4
3278,18,card,35.76,Cocoa,Night,Tue,Mar,2,3,3/4/2025,43:21.9
3279,19,card,35.76,Latte,Night,Tue,Mar,2,3,3/4/2025,10:09.5
3280,20,card,35.76,Latte,Night,Tue,Mar,2,3,3/4/2025,09:00.6
3281,8,card,30.86,Americano with Milk,Morning,Wed,Mar,3,3,3/5/2025,39:51.6
3282,9,card,25.96,Americano,Morning,Wed,Mar,3,3,3/5/2025,38:24.3
3283,10,card,25.96,Americano,Morning,Wed,Mar,3,3,3/5/2025,01:14.3
3284,10,card,25.96,Americano,Morning,Wed,Mar,3,3,3/5/2025,02:04.3
3285,10,card,35.76,Cappuccino,Morning,Wed,Mar,3,3,3/5/2025,10:50.5
3286,10,card,30.86,Americano with Milk,Morning,Wed,Mar,3,3,3/5/2025,40:34.8
3287,11,card,35.76,Cappuccino,Morning,Wed,Mar,3,3,3/5/2025,08:31.6
3288,11,card,35.76,Cocoa,Morning,Wed,Mar,3,3,3/5/2025,10:54.2
3289,11,card,25.96,Americano,Morning,Wed,Mar,3,3,3/5/2025,38:51.2
3290,11,card,25.96,Americano,Morning,Wed,Mar,3,3,3/5/2025,41:22.4
3291,12,card,25.96,Americano,Afternoon,Wed,Mar,3,3,3/5/2025,12:56.3
3292,15,card,35.76,Latte,Afternoon,Wed,Mar,3,3,3/5/2025,07:50.6
3293,15,card,35.76,Latte,Afternoon,Wed,Mar,3,3,3/5/2025,21:35.8
3294,15,card,35.76,Hot Chocolate,Afternoon,Wed,Mar,3,3,3/5/2025,25:11.4
3295,17,card,30.86,Americano with Milk,Night,Wed,Mar,3,3,3/5/2025,09:57.0
3296,17,card,21.06,Espresso,Night,Wed,Mar,3,3,3/5/2025,16:23.6
3297,17,card,35.76,Latte,Night,Wed,Mar,3,3,3/5/2025,31:40.9
3298,18,card,35.76,Cappuccino,Night,Wed,Mar,3,3,3/5/2025,13:27.0
3299,19,card,35.76,Cocoa,Night,Wed,Mar,3,3,3/5/2025,02:56.8
3300,9,card,35.76,Hot Chocolate,Morning,Thu,Mar,4,3,3/6/2025,33:39.3
3301,9,card,21.06,Espresso,Morning,Thu,Mar,4,3,3/6/2025,35:52.9
3302,10,card,30.86,Americano with Milk,Morning,Thu,Mar,4,3,3/6/2025,48:04.9
3303,10,card,25.96,Americano,Morning,Thu,Mar,4,3,3/6/2025,56:47.4
3304,10,card,25.96,Americano,Morning,Thu,Mar,4,3,3/6/2025,57:35.0
3305,11,card,25.96,Americano,Morning,Thu,Mar,4,3,3/6/2025,05:43.6
3306,11,card,35.76,Cappuccino,Morning,Thu,Mar,4,3,3/6/2025,17:38.0
3307,13,card,35.76,Latte,Afternoon,Thu,Mar,4,3,3/6/2025,51:33.1
3308,16,card,30.86,Americano with Milk,Afternoon,Thu,Mar,4,3,3/6/2025,06:47.3
3309,17,card,35.76,Cocoa,Night,Thu,Mar,4,3,3/6/2025,49:11.2
3310,18,card,35.76,Cappuccino,Night,Thu,Mar,4,3,3/6/2025,27:11.7
3311,19,card,30.86,Americano with Milk,Night,Thu,Mar,4,3,3/6/2025,22:10.7
3312,7,card,35.76,Cappuccino,Morning,Fri,Mar,5,3,3/7/2025,05:42.3
3313,8,card,25.96,Americano,Morning,Fri,Mar,5,3,3/7/2025,45:10.9
3314,8,card,25.96,Americano,Morning,Fri,Mar,5,3,3/7/2025,46:03.8
3315,9,card,25.96,Americano,Morning,Fri,Mar,5,3,3/7/2025,02:40.8
3316,10,card,35.76,Hot Chocolate,Morning,Fri,Mar,5,3,3/7/2025,09:57.9
3317,10,card,30.86,Americano with Milk,Morning,Fri,Mar,5,3,3/7/2025,26:34.9
3318,10,card,30.86,Americano with Milk,Morning,Fri,Mar,5,3,3/7/2025,27:32.5
3319,10,card,35.76,Cocoa,Morning,Fri,Mar,5,3,3/7/2025,41:45.8
3320,11,card,35.76,Cocoa,Morning,Fri,Mar,5,3,3/7/2025,50:59.5
3321,12,card,30.86,Americano with Milk,Afternoon,Fri,Mar,5,3,3/7/2025,03:46.2
3322,13,card,35.76,Hot Chocolate,Afternoon,Fri,Mar,5,3,3/7/2025,43:48.4
3323,13,card,25.96,Americano,Afternoon,Fri,Mar,5,3,3/7/2025,55:31.6
3324,14,card,35.76,Cappuccino,Afternoon,Fri,Mar,5,3,3/7/2025,53:30.2
3325,15,card,35.76,Latte,Afternoon,Fri,Mar,5,3,3/7/2025,09:04.3
3326,15,card,35.76,Latte,Afternoon,Fri,Mar,5,3,3/7/2025,52:53.0
3327,17,card,35.76,Latte,Night,Fri,Mar,5,3,3/7/2025,10:29.3
3328,17,card,35.76,Hot Chocolate,Night,Fri,Mar,5,3,3/7/2025,12:23.6
3329,9,card,30.86,Americano with Milk,Morning,Sat,Mar,6,3,3/8/2025,23:44.5
3330,9,card,30.86,Americano with Milk,Morning,Sat,Mar,6,3,3/8/2025,41:52.9
3331,10,card,25.96,Americano,Morning,Sat,Mar,6,3,3/8/2025,54:13.6
3332,11,card,25.96,Americano,Morning,Sat,Mar,6,3,3/8/2025,19:45.6
3333,11,card,25.96,Americano,Morning,Sat,Mar,6,3,3/8/2025,20:32.4
3334,12,card,30.86,Americano with Milk,Afternoon,Sat,Mar,6,3,3/8/2025,41:19.8
3335,12,card,25.96,Americano,Afternoon,Sat,Mar,6,3,3/8/2025,45:05.3
3336,13,card,35.76,Cappuccino,Afternoon,Sat,Mar,6,3,3/8/2025,40:06.1
3337,9,card,21.06,Espresso,Morning,Sun,Mar,7,3,3/9/2025,42:03.9
3338,11,card,30.86,Americano with Milk,Morning,Sun,Mar,7,3,3/9/2025,25:53.2
3339,13,card,35.76,Cappuccino,Afternoon,Sun,Mar,7,3,3/9/2025,51:56.3
3340,14,card,25.96,Americano,Afternoon,Sun,Mar,7,3,3/9/2025,18:30.1
3341,15,card,35.76,Cappuccino,Afternoon,Sun,Mar,7,3,3/9/2025,12:41.4
3342,15,card,25.96,Americano,Afternoon,Sun,Mar,7,3,3/9/2025,39:07.1
3343,15,card,30.86,Americano with Milk,Afternoon,Sun,Mar,7,3,3/9/2025,52:39.3
3344,15,card,35.76,Cocoa,Afternoon,Sun,Mar,7,3,3/9/2025,53:40.4
3345,8,card,25.96,Americano,Morning,Mon,Mar,1,3,3/10/2025,34:43.5
3346,8,card,35.76,Latte,Morning,Mon,Mar,1,3,3/10/2025,35:40.5
3347,9,card,30.86,Americano with Milk,Morning,Mon,Mar,1,3,3/10/2025,06:27.6
3348,9,card,35.76,Hot Chocolate,Morning,Mon,Mar,1,3,3/10/2025,19:28.9
3349,9,card,35.76,Cocoa,Morning,Mon,Mar,1,3,3/10/2025,50:54.1
3350,10,card,35.76,Hot Chocolate,Morning,Mon,Mar,1,3,3/10/2025,18:57.1
3351,12,card,25.96,Americano,Afternoon,Mon,Mar,1,3,3/10/2025,36:14.8
3352,15,card,25.96,Americano,Afternoon,Mon,Mar,1,3,3/10/2025,32:09.5
3353,15,card,35.76,Hot Chocolate,Afternoon,Mon,Mar,1,3,3/10/2025,41:57.9
3354,16,card,35.76,Latte,Afternoon,Mon,Mar,1,3,3/10/2025,18:00.6
3355,16,card,35.76,Latte,Afternoon,Mon,Mar,1,3,3/10/2025,18:54.2
3356,16,card,35.76,Cappuccino,Afternoon,Mon,Mar,1,3,3/10/2025,24:25.4
3357,16,card,30.86,Americano with Milk,Afternoon,Mon,Mar,1,3,3/10/2025,25:32.5
3358,18,card,25.96,Americano,Night,Mon,Mar,1,3,3/10/2025,15:54.2
3359,18,card,35.76,Latte,Night,Mon,Mar,1,3,3/10/2025,48:30.2
3360,18,card,35.76,Latte,Night,Mon,Mar,1,3,3/10/2025,49:22.3
3361,19,card,30.86,Americano with Milk,Night,Mon,Mar,1,3,3/10/2025,26:42.9
3362,8,card,25.96,Americano,Morning,Tue,Mar,2,3,3/11/2025,46:25.6
3363,9,card,35.76,Cappuccino,Morning,Tue,Mar,2,3,3/11/2025,12:27.7
3364,9,card,35.76,Latte,Morning,Tue,Mar,2,3,3/11/2025,27:04.4
3365,10,card,25.96,Americano,Morning,Tue,Mar,2,3,3/11/2025,26:57.8
3366,12,card,25.96,Americano,Afternoon,Tue,Mar,2,3,3/11/2025,33:20.4
3367,13,card,25.96,Americano,Afternoon,Tue,Mar,2,3,3/11/2025,16:54.7
3368,16,card,35.76,Hot Chocolate,Afternoon,Tue,Mar,2,3,3/11/2025,29:31.1
3369,16,card,35.76,Cocoa,Afternoon,Tue,Mar,2,3,3/11/2025,30:16.1
3370,16,card,35.76,Hot Chocolate,Afternoon,Tue,Mar,2,3,3/11/2025,49:40.8
3371,17,card,35.76,Cappuccino,Night,Tue,Mar,2,3,3/11/2025,46:50.2
3372,18,card,30.86,Americano with Milk,Night,Tue,Mar,2,3,3/11/2025,56:52.1
3373,19,card,35.76,Latte,Night,Tue,Mar,2,3,3/11/2025,07:14.4
3374,20,card,35.76,Cocoa,Night,Tue,Mar,2,3,3/11/2025,08:56.3
3375,11,card,35.76,Cocoa,Morning,Wed,Mar,3,3,3/12/2025,11:39.4
3376,11,card,30.86,Americano with Milk,Morning,Wed,Mar,3,3,3/12/2025,47:34.3
3377,11,card,35.76,Cappuccino,Morning,Wed,Mar,3,3,3/12/2025,50:15.4
3378,11,card,25.96,Americano,Morning,Wed,Mar,3,3,3/12/2025,55:55.9
3379,11,card,25.96,Americano,Morning,Wed,Mar,3,3,3/12/2025,56:48.9
3380,12,card,25.96,Americano,Afternoon,Wed,Mar,3,3,3/12/2025,06:11.1
3381,12,card,35.76,Hot Chocolate,Afternoon,Wed,Mar,3,3,3/12/2025,55:38.4
3382,13,card,35.76,Latte,Afternoon,Wed,Mar,3,3,3/12/2025,01:49.3
3383,13,card,35.76,Latte,Afternoon,Wed,Mar,3,3,3/12/2025,56:23.6
3384,16,card,35.76,Cappuccino,Afternoon,Wed,Mar,3,3,3/12/2025,27:37.2
3385,16,card,35.76,Latte,Afternoon,Wed,Mar,3,3,3/12/2025,35:04.0
3386,16,card,35.76,Latte,Afternoon,Wed,Mar,3,3,3/12/2025,36:00.7
3387,18,card,25.96,Americano,Night,Wed,Mar,3,3,3/12/2025,10:34.2
3388,18,card,35.76,Cocoa,Night,Wed,Mar,3,3,3/12/2025,17:17.8
3389,18,card,25.96,Americano,Night,Wed,Mar,3,3,3/12/2025,24:40.5
3390,18,card,35.76,Cappuccino,Night,Wed,Mar,3,3,3/12/2025,38:56.6
3391,18,card,25.96,Americano,Night,Wed,Mar,3,3,3/12/2025,42:13.7
3392,7,card,35.76,Cappuccino,Morning,Thu,Mar,4,3,3/13/2025,01:36.4
3393,8,card,30.86,Americano with Milk,Morning,Thu,Mar,4,3,3/13/2025,23:17.5
3394,9,card,30.86,Americano with Milk,Morning,Thu,Mar,4,3,3/13/2025,04:47.3
3395,9,card,35.76,Latte,Morning,Thu,Mar,4,3,3/13/2025,20:09.5
3396,9,card,21.06,Espresso,Morning,Thu,Mar,4,3,3/13/2025,22:04.6
3397,9,card,25.96,Americano,Morning,Thu,Mar,4,3,3/13/2025,38:19.6
3398,9,card,30.86,Americano with Milk,Morning,Thu,Mar,4,3,3/13/2025,39:14.6
3399,11,card,25.96,Americano,Morning,Thu,Mar,4,3,3/13/2025,18:02.3
3400,12,card,35.76,Latte,Afternoon,Thu,Mar,4,3,3/13/2025,13:37.4
3401,14,card,30.86,Americano with Milk,Afternoon,Thu,Mar,4,3,3/13/2025,53:50.0
3402,14,card,25.96,Americano,Afternoon,Thu,Mar,4,3,3/13/2025,55:31.6
3403,18,card,35.76,Cappuccino,Night,Thu,Mar,4,3,3/13/2025,47:43.6
3404,7,card,25.96,Americano,Morning,Fri,Mar,5,3,3/14/2025,55:06.0
3405,8,card,30.86,Americano with Milk,Morning,Fri,Mar,5,3,3/14/2025,13:40.2
3406,8,card,25.96,Americano,Morning,Fri,Mar,5,3,3/14/2025,59:26.8
3407,9,card,35.76,Latte,Morning,Fri,Mar,5,3,3/14/2025,00:29.9
3408,9,card,21.06,Espresso,Morning,Fri,Mar,5,3,3/14/2025,26:07.9
3409,9,card,25.96,Americano,Morning,Fri,Mar,5,3,3/14/2025,28:37.2
3410,10,card,25.96,Americano,Morning,Fri,Mar,5,3,3/14/2025,20:51.3
3411,10,card,35.76,Latte,Morning,Fri,Mar,5,3,3/14/2025,48:22.8
3412,10,card,35.76,Cappuccino,Morning,Fri,Mar,5,3,3/14/2025,49:27.8
3413,14,card,25.96,Americano,Afternoon,Fri,Mar,5,3,3/14/2025,35:17.3
3414,14,card,35.76,Latte,Afternoon,Fri,Mar,5,3,3/14/2025,36:21.8
3415,15,card,35.76,Latte,Afternoon,Fri,Mar,5,3,3/14/2025,54:21.0
3416,15,card,35.76,Latte,Afternoon,Fri,Mar,5,3,3/14/2025,55:40.8
3417,16,card,25.96,Americano,Afternoon,Fri,Mar,5,3,3/14/2025,27:04.0
3418,16,card,35.76,Cocoa,Afternoon,Fri,Mar,5,3,3/14/2025,31:00.2
3419,16,card,35.76,Cocoa,Afternoon,Fri,Mar,5,3,3/14/2025,31:55.1
3420,16,card,35.76,Cocoa,Afternoon,Fri,Mar,5,3,3/14/2025,32:40.2
3421,17,card,25.96,Americano,Night,Fri,Mar,5,3,3/14/2025,05:24.1
3422,17,card,25.96,Americano,Night,Fri,Mar,5,3,3/14/2025,22:14.7
3423,17,card,35.76,Latte,Night,Fri,Mar,5,3,3/14/2025,27:15.3
3424,17,card,35.76,Latte,Night,Fri,Mar,5,3,3/14/2025,28:38.3
3425,20,card,25.96,Americano,Night,Fri,Mar,5,3,3/14/2025,20:22.0
3426,21,card,25.96,Americano,Night,Fri,Mar,5,3,3/14/2025,40:43.6
3427,9,card,30.86,Americano with Milk,Morning,Sat,Mar,6,3,3/15/2025,53:22.3
3428,10,card,35.76,Cappuccino,Morning,Sat,Mar,6,3,3/15/2025,03:22.5
3429,13,card,25.96,Americano,Afternoon,Sat,Mar,6,3,3/15/2025,55:42.0
3430,17,card,35.76,Cappuccino,Night,Sat,Mar,6,3,3/15/2025,10:23.4
3431,17,card,30.86,Americano with Milk,Night,Sat,Mar,6,3,3/15/2025,12:08.4
3432,19,card,30.86,Americano with Milk,Night,Sat,Mar,6,3,3/15/2025,30:36.5
3433,19,card,35.76,Cappuccino,Night,Sat,Mar,6,3,3/15/2025,51:27.1
3434,9,card,35.76,Cappuccino,Morning,Sun,Mar,7,3,3/16/2025,32:17.3
3435,9,card,30.86,Americano with Milk,Morning,Sun,Mar,7,3,3/16/2025,36:23.2
3436,10,card,35.76,Latte,Morning,Sun,Mar,7,3,3/16/2025,50:09.4
3437,12,card,35.76,Hot Chocolate,Afternoon,Sun,Mar,7,3,3/16/2025,00:47.1
3438,14,card,25.96,Americano,Afternoon,Sun,Mar,7,3,3/16/2025,22:42.6
3439,6,card,25.96,Americano,Morning,Mon,Mar,1,3,3/17/2025,54:40.6
3440,8,card,25.96,Americano,Morning,Mon,Mar,1,3,3/17/2025,09:50.1
3441,8,card,25.96,Americano,Morning,Mon,Mar,1,3,3/17/2025,18:02.7
3442,9,card,30.86,Americano with Milk,Morning,Mon,Mar,1,3,3/17/2025,02:59.0
3443,10,card,25.96,Americano,Morning,Mon,Mar,1,3,3/17/2025,32:39.5
3444,13,card,25.96,Americano,Afternoon,Mon,Mar,1,3,3/17/2025,59:01.0
3445,14,card,35.76,Cocoa,Afternoon,Mon,Mar,1,3,3/17/2025,21:24.5
3446,14,card,35.76,Cocoa,Afternoon,Mon,Mar,1,3,3/17/2025,22:19.7
3447,14,card,35.76,Latte,Afternoon,Mon,Mar,1,3,3/17/2025,48:03.5
3448,15,card,35.76,Cappuccino,Afternoon,Mon,Mar,1,3,3/17/2025,11:17.3
3449,15,card,35.76,Latte,Afternoon,Mon,Mar,1,3,3/17/2025,47:15.9
3450,15,card,35.76,Latte,Afternoon,Mon,Mar,1,3,3/17/2025,48:58.5
3451,16,card,25.96,Americano,Afternoon,Mon,Mar,1,3,3/17/2025,46:44.6
3452,8,card,30.86,Americano with Milk,Morning,Tue,Mar,2,3,3/18/2025,23:11.0
3453,8,card,35.76,Latte,Morning,Tue,Mar,2,3,3/18/2025,33:49.6
3454,10,card,35.76,Latte,Morning,Tue,Mar,2,3,3/18/2025,49:51.4
3455,10,card,25.96,Americano,Morning,Tue,Mar,2,3,3/18/2025,51:17.7
3456,11,card,35.76,Hot Chocolate,Morning,Tue,Mar,2,3,3/18/2025,47:20.0
3457,11,card,35.76,Hot Chocolate,Morning,Tue,Mar,2,3,3/18/2025,48:55.7
3458,14,card,30.86,Americano with Milk,Afternoon,Tue,Mar,2,3,3/18/2025,43:35.1
3459,15,card,25.96,Americano,Afternoon,Tue,Mar,2,3,3/18/2025,03:53.4
3460,15,card,30.86,Americano with Milk,Afternoon,Tue,Mar,2,3,3/18/2025,11:07.4
3461,16,card,25.96,Americano,Afternoon,Tue,Mar,2,3,3/18/2025,09:07.6
3462,16,card,35.76,Latte,Afternoon,Tue,Mar,2,3,3/18/2025,11:45.1
3463,16,card,21.06,Espresso,Afternoon,Tue,Mar,2,3,3/18/2025,23:20.6
3464,18,card,35.76,Cocoa,Night,Tue,Mar,2,3,3/18/2025,42:30.6
3465,18,card,35.76,Cocoa,Night,Tue,Mar,2,3,3/18/2025,43:17.5
3466,20,card,35.76,Cocoa,Night,Tue,Mar,2,3,3/18/2025,00:35.0
3467,20,card,35.76,Cocoa,Night,Tue,Mar,2,3,3/18/2025,01:37.7
3468,21,card,35.76,Latte,Night,Tue,Mar,2,3,3/18/2025,20:40.0
3469,7,card,25.96,Americano,Morning,Wed,Mar,3,3,3/19/2025,03:07.1
3470,7,card,25.96,Americano,Morning,Wed,Mar,3,3,3/19/2025,04:08.6
3471,7,card,35.76,Cappuccino,Morning,Wed,Mar,3,3,3/19/2025,06:34.9
3472,8,card,25.96,Americano,Morning,Wed,Mar,3,3,3/19/2025,03:18.3
3473,10,card,35.76,Hot Chocolate,Morning,Wed,Mar,3,3,3/19/2025,18:39.2
3474,11,card,25.96,Americano,Morning,Wed,Mar,3,3,3/19/2025,55:39.8
3475,12,card,25.96,Americano,Afternoon,Wed,Mar,3,3,3/19/2025,58:27.2
3476,15,card,35.76,Latte,Afternoon,Wed,Mar,3,3,3/19/2025,12:53.2
3477,15,card,35.76,Latte,Afternoon,Wed,Mar,3,3,3/19/2025,14:23.4
3478,16,card,35.76,Latte,Afternoon,Wed,Mar,3,3,3/19/2025,19:33.9
3479,16,card,25.96,Americano,Afternoon,Wed,Mar,3,3,3/19/2025,29:56.3
3480,16,card,35.76,Cappuccino,Afternoon,Wed,Mar,3,3,3/19/2025,40:33.8
3481,16,card,35.76,Cappuccino,Afternoon,Wed,Mar,3,3,3/19/2025,42:16.0
3482,16,card,25.96,Americano,Afternoon,Wed,Mar,3,3,3/19/2025,51:35.2
3483,16,card,25.96,Americano,Afternoon,Wed,Mar,3,3,3/19/2025,52:29.7
3484,17,card,35.76,Cocoa,Night,Wed,Mar,3,3,3/19/2025,00:00.0
3485,17,card,30.86,Americano with Milk,Night,Wed,Mar,3,3,3/19/2025,09:55.0
3486,17,card,30.86,Americano with Milk,Night,Wed,Mar,3,3,3/19/2025,27:39.7
3487,18,card,25.96,Cortado,Night,Wed,Mar,3,3,3/19/2025,29:50.4
3488,18,card,21.06,Espresso,Night,Wed,Mar,3,3,3/19/2025,30:44.0
3489,18,card,21.06,Espresso,Night,Wed,Mar,3,3,3/19/2025,31:26.0
3490,8,card,30.86,Americano with Milk,Morning,Thu,Mar,4,3,3/20/2025,13:16.3
3491,9,card,30.86,Americano with Milk,Morning,Thu,Mar,4,3,3/20/2025,52:04.8
3492,10,card,30.86,Americano with Milk,Morning,Thu,Mar,4,3,3/20/2025,06:44.3
3493,10,card,25.96,Americano,Morning,Thu,Mar,4,3,3/20/2025,45:44.2
3494,10,card,25.96,Americano,Morning,Thu,Mar,4,3,3/20/2025,55:17.4
3495,12,card,25.96,Americano,Afternoon,Thu,Mar,4,3,3/20/2025,48:24.4
3496,14,card,25.96,Americano,Afternoon,Thu,Mar,4,3,3/20/2025,04:43.9
3497,14,card,25.96,Americano,Afternoon,Thu,Mar,4,3,3/20/2025,20:37.9
3498,14,card,21.06,Espresso,Afternoon,Thu,Mar,4,3,3/20/2025,21:41.9
3499,14,card,25.96,Cortado,Afternoon,Thu,Mar,4,3,3/20/2025,25:04.7
3500,14,card,35.76,Cappuccino,Afternoon,Thu,Mar,4,3,3/20/2025,26:46.7
3501,14,card,35.76,Cappuccino,Afternoon,Thu,Mar,4,3,3/20/2025,59:47.5
3502,15,card,25.96,Americano,Afternoon,Thu,Mar,4,3,3/20/2025,05:22.4
3503,15,card,25.96,Americano,Afternoon,Thu,Mar,4,3,3/20/2025,21:51.8
3504,16,card,35.76,Cappuccino,Afternoon,Thu,Mar,4,3,3/20/2025,45:45.0
3505,17,card,25.96,Americano,Night,Thu,Mar,4,3,3/20/2025,23:51.4
3506,18,card,35.76,Hot Chocolate,Night,Thu,Mar,4,3,3/20/2025,55:58.7
3507,19,card,35.76,Cocoa,Night,Thu,Mar,4,3,3/20/2025,36:41.6
3508,19,card,35.76,Cappuccino,Night,Thu,Mar,4,3,3/20/2025,57:48.5
3509,21,card,35.76,Latte,Night,Thu,Mar,4,3,3/20/2025,50:15.6
3510,7,card,30.86,Americano with Milk,Morning,Fri,Mar,5,3,3/21/2025,06:12.0
3511,7,card,30.86,Americano with Milk,Morning,Fri,Mar,5,3,3/21/2025,09:08.1
3512,8,card,25.96,Americano,Morning,Fri,Mar,5,3,3/21/2025,16:43.7
3513,8,card,25.96,Americano,Morning,Fri,Mar,5,3,3/21/2025,28:36.5
3514,8,card,25.96,Americano,Morning,Fri,Mar,5,3,3/21/2025,29:20.9
3515,8,card,35.76,Cappuccino,Morning,Fri,Mar,5,3,3/21/2025,35:19.0
3516,11,card,25.96,Americano,Morning,Fri,Mar,5,3,3/21/2025,50:09.3
3517,11,card,35.76,Latte,Morning,Fri,Mar,5,3,3/21/2025,51:07.5
3518,13,card,25.96,Americano,Afternoon,Fri,Mar,5,3,3/21/2025,02:48.3
3519,13,card,35.76,Latte,Afternoon,Fri,Mar,5,3,3/21/2025,23:57.0
3520,14,card,35.76,Cappuccino,Afternoon,Fri,Mar,5,3,3/21/2025,11:44.1
3521,15,card,35.76,Cappuccino,Afternoon,Fri,Mar,5,3,3/21/2025,09:03.0
3522,15,card,25.96,Americano,Afternoon,Fri,Mar,5,3,3/21/2025,24:42.5
3523,15,card,35.76,Latte,Afternoon,Fri,Mar,5,3,3/21/2025,28:19.6
3524,15,card,35.76,Cappuccino,Afternoon,Fri,Mar,5,3,3/21/2025,29:32.3
3525,17,card,35.76,Hot Chocolate,Night,Fri,Mar,5,3,3/21/2025,01:28.8
3526,17,card,35.76,Latte,Night,Fri,Mar,5,3,3/21/2025,21:16.9
3527,17,card,35.76,Latte,Night,Fri,Mar,5,3,3/21/2025,22:49.9
3528,18,card,35.76,Latte,Night,Fri,Mar,5,3,3/21/2025,52:12.7
3529,18,card,25.96,Americano,Night,Fri,Mar,5,3,3/21/2025,59:24.3
3530,9,card,30.86,Americano with Milk,Morning,Sat,Mar,6,3,3/22/2025,05:13.1
3531,10,card,30.86,Americano with Milk,Morning,Sat,Mar,6,3,3/22/2025,30:09.4
3532,11,card,35.76,Hot Chocolate,Morning,Sat,Mar,6,3,3/22/2025,14:06.0
3533,11,card,35.76,Cocoa,Morning,Sat,Mar,6,3,3/22/2025,41:20.6
3534,12,card,30.86,Americano with Milk,Afternoon,Sat,Mar,6,3,3/22/2025,18:27.5
3535,12,card,25.96,Americano,Afternoon,Sat,Mar,6,3,3/22/2025,25:59.7
3536,13,card,25.96,Americano,Afternoon,Sat,Mar,6,3,3/22/2025,06:21.6
3537,13,card,30.86,Americano with Milk,Afternoon,Sat,Mar,6,3,3/22/2025,23:17.9
3538,15,card,21.06,Espresso,Afternoon,Sat,Mar,6,3,3/22/2025,57:58.2
3539,16,card,35.76,Latte,Afternoon,Sat,Mar,6,3,3/22/2025,26:59.8
3540,17,card,30.86,Americano with Milk,Night,Sat,Mar,6,3,3/22/2025,53:35.9
3541,19,card,30.86,Americano with Milk,Night,Sat,Mar,6,3,3/22/2025,16:52.7
3542,10,card,35.76,Latte,Morning,Sun,Mar,7,3,3/23/2025,07:11.3
3543,10,card,35.76,Cappuccino,Morning,Sun,Mar,7,3,3/23/2025,34:54.9
3544,14,card,35.76,Cocoa,Afternoon,Sun,Mar,7,3,3/23/2025,43:37.4
3545,14,card,35.76,Cocoa,Afternoon,Sun,Mar,7,3,3/23/2025,44:16.9
3546,15,card,25.96,Americano,Afternoon,Sun,Mar,7,3,3/23/2025,47:28.7
3547,18,card,35.76,Latte,Night,Sun,Mar,7,3,3/23/2025,11:38.6
